timestamp;unix_timestamp;session_duration;calm_probability;calm_percentage;focus_probability;focus_percentage;attention_probability;attention_percentage;delta_avg;delta_max;delta_min;delta_std;delta_raw;theta_avg;theta_max;theta_min;theta_std;theta_raw;alpha_avg;alpha_max;alpha_min;alpha_std;alpha_raw;beta_avg;beta_max;beta_min;beta_std;beta_raw;gamma_avg;gamma_max;gamma_min;gamma_std;gamma_raw;device_id;session_name;data_quality;signal_strength
2025-06-13T17:55:56.983591;1749851756.983591;0.019341;;;;;;;0.133333;0.2;0.1;0.04714;[0.1, 0.2, 0.1];0.233333;0.3;0.2;0.04714;[0.2, 0.3, 0.2];0.433333;0.5;0.4;0.04714;[0.4, 0.5, 0.4];0.333333;0.4;0.3;0.04714;[0.3, 0.4, 0.3];0.133333;0.2;0.1;0.04714;[0.1, 0.2, 0.1];;neurosity_session_20250613_175556;;
2025-06-13T17:55:57.137415;1749851757.137415;0.173165;;;;;;;0.133333;0.2;0.1;0.04714;[0.1, 0.2, 0.1];0.233333;0.3;0.2;0.04714;[0.2, 0.3, 0.2];0.433333;0.5;0.4;0.04714;[0.4, 0.5, 0.4];0.333333;0.4;0.3;0.04714;[0.3, 0.4, 0.3];0.133333;0.2;0.1;0.04714;[0.1, 0.2, 0.1];;neurosity_session_20250613_175556;;
2025-06-13T17:55:57.188657;1749851757.188657;0.224407;;;;;;;0.133333;0.2;0.1;0.04714;[0.1, 0.2, 0.1];0.233333;0.3;0.2;0.04714;[0.2, 0.3, 0.2];0.433333;0.5;0.4;0.04714;[0.4, 0.5, 0.4];0.333333;0.4;0.3;0.04714;[0.3, 0.4, 0.3];0.133333;0.2;0.1;0.04714;[0.1, 0.2, 0.1];;neurosity_session_20250613_175556;;
2025-06-13T17:55:57.291027;1749851757.291027;0.326777;;;;;;;0.133333;0.2;0.1;0.04714;[0.1, 0.2, 0.1];0.233333;0.3;0.2;0.04714;[0.2, 0.3, 0.2];0.433333;0.5;0.4;0.04714;[0.4, 0.5, 0.4];0.333333;0.4;0.3;0.04714;[0.3, 0.4, 0.3];0.133333;0.2;0.1;0.04714;[0.1, 0.2, 0.1];;neurosity_session_20250613_175556;;
2025-06-13T17:55:57.342186;1749851757.342186;0.377936;;;;;;;0.133333;0.2;0.1;0.04714;[0.1, 0.2, 0.1];0.233333;0.3;0.2;0.04714;[0.2, 0.3, 0.2];0.433333;0.5;0.4;0.04714;[0.4, 0.5, 0.4];0.333333;0.4;0.3;0.04714;[0.3, 0.4, 0.3];0.133333;0.2;0.1;0.04714;[0.1, 0.2, 0.1];;neurosity_session_20250613_175556;;
2025-06-13T17:55:57.393652;1749851757.393652;0.429402;;;;;;;0.133333;0.2;0.1;0.04714;[0.1, 0.2, 0.1];0.233333;0.3;0.2;0.04714;[0.2, 0.3, 0.2];0.433333;0.5;0.4;0.04714;[0.4, 0.5, 0.4];0.333333;0.4;0.3;0.04714;[0.3, 0.4, 0.3];0.133333;0.2;0.1;0.04714;[0.1, 0.2, 0.1];;neurosity_session_20250613_175556;;
2025-06-13T17:55:57.445578;1749851757.445578;0.481328;;;;;;;0.133333;0.2;0.1;0.04714;[0.1, 0.2, 0.1];0.233333;0.3;0.2;0.04714;[0.2, 0.3, 0.2];0.433333;0.5;0.4;0.04714;[0.4, 0.5, 0.4];0.333333;0.4;0.3;0.04714;[0.3, 0.4, 0.3];0.133333;0.2;0.1;0.04714;[0.1, 0.2, 0.1];;neurosity_session_20250613_175556;;
2025-06-13T17:55:57.498244;1749851757.498244;0.533994;;;;;;;0.133333;0.2;0.1;0.04714;[0.1, 0.2, 0.1];0.233333;0.3;0.2;0.04714;[0.2, 0.3, 0.2];0.433333;0.5;0.4;0.04714;[0.4, 0.5, 0.4];0.333333;0.4;0.3;0.04714;[0.3, 0.4, 0.3];0.133333;0.2;0.1;0.04714;[0.1, 0.2, 0.1];;neurosity_session_20250613_175556;;
2025-06-13T17:55:57.651553;1749851757.651553;0.687303;;;0.3670255095907372;36.70255095907372;;;;;;;;;;;;;;;;;;;;;;;;;;;;;neurosity_session_20250613_175556;;
2025-06-13T17:55:57.652011;1749851757.652011;0.687761;0.7907825764376409;79.07825764376409;;;;;;;;;;;;;;;;;;;;;;;;;;;;;;;neurosity_session_20250613_175556;;
2025-06-13T17:55:57.652432;1749851757.652432;0.688182;;;;;;;0.133333;0.2;0.1;0.04714;[0.1, 0.2, 0.1];0.233333;0.3;0.2;0.04714;[0.2, 0.3, 0.2];0.433333;0.5;0.4;0.04714;[0.4, 0.5, 0.4];0.333333;0.4;0.3;0.04714;[0.3, 0.4, 0.3];0.133333;0.2;0.1;0.04714;[0.1, 0.2, 0.1];;neurosity_session_20250613_175556;;
2025-06-13T17:55:57.703601;1749851757.703601;0.739351;;;;;;;0.133333;0.2;0.1;0.04714;[0.1, 0.2, 0.1];0.233333;0.3;0.2;0.04714;[0.2, 0.3, 0.2];0.433333;0.5;0.4;0.04714;[0.4, 0.5, 0.4];0.333333;0.4;0.3;0.04714;[0.3, 0.4, 0.3];0.133333;0.2;0.1;0.04714;[0.1, 0.2, 0.1];;neurosity_session_20250613_175556;;
2025-06-13T17:55:57.754537;1749851757.754537;0.790287;;;;;;;0.133333;0.2;0.1;0.04714;[0.1, 0.2, 0.1];0.233333;0.3;0.2;0.04714;[0.2, 0.3, 0.2];0.433333;0.5;0.4;0.04714;[0.4, 0.5, 0.4];0.333333;0.4;0.3;0.04714;[0.3, 0.4, 0.3];0.133333;0.2;0.1;0.04714;[0.1, 0.2, 0.1];;neurosity_session_20250613_175556;;
2025-06-13T17:55:57.754830;1749851757.75483;0.79058;;;;;;;0.133333;0.2;0.1;0.04714;[0.1, 0.2, 0.1];0.233333;0.3;0.2;0.04714;[0.2, 0.3, 0.2];0.433333;0.5;0.4;0.04714;[0.4, 0.5, 0.4];0.333333;0.4;0.3;0.04714;[0.3, 0.4, 0.3];0.133333;0.2;0.1;0.04714;[0.1, 0.2, 0.1];;neurosity_session_20250613_175556;;
2025-06-13T17:55:57.805667;1749851757.805667;0.841417;;;;;;;0.133333;0.2;0.1;0.04714;[0.1, 0.2, 0.1];0.233333;0.3;0.2;0.04714;[0.2, 0.3, 0.2];0.433333;0.5;0.4;0.04714;[0.4, 0.5, 0.4];0.333333;0.4;0.3;0.04714;[0.3, 0.4, 0.3];0.133333;0.2;0.1;0.04714;[0.1, 0.2, 0.1];;neurosity_session_20250613_175556;;
2025-06-13T17:55:57.856810;1749851757.85681;0.89256;;;;;;;0.133333;0.2;0.1;0.04714;[0.1, 0.2, 0.1];0.233333;0.3;0.2;0.04714;[0.2, 0.3, 0.2];0.433333;0.5;0.4;0.04714;[0.4, 0.5, 0.4];0.333333;0.4;0.3;0.04714;[0.3, 0.4, 0.3];0.133333;0.2;0.1;0.04714;[0.1, 0.2, 0.1];;neurosity_session_20250613_175556;;
2025-06-13T17:55:57.908047;1749851757.908047;0.943797;;;;;;;0.133333;0.2;0.1;0.04714;[0.1, 0.2, 0.1];0.233333;0.3;0.2;0.04714;[0.2, 0.3, 0.2];0.433333;0.5;0.4;0.04714;[0.4, 0.5, 0.4];0.333333;0.4;0.3;0.04714;[0.3, 0.4, 0.3];0.133333;0.2;0.1;0.04714;[0.1, 0.2, 0.1];;neurosity_session_20250613_175556;;
2025-06-13T17:55:57.908578;1749851757.908578;0.944328;;;;;;;0.133333;0.2;0.1;0.04714;[0.1, 0.2, 0.1];0.233333;0.3;0.2;0.04714;[0.2, 0.3, 0.2];0.433333;0.5;0.4;0.04714;[0.4, 0.5, 0.4];0.333333;0.4;0.3;0.04714;[0.3, 0.4, 0.3];0.133333;0.2;0.1;0.04714;[0.1, 0.2, 0.1];;neurosity_session_20250613_175556;;
2025-06-13T17:55:57.959639;1749851757.959639;0.995389;;;;;;;0.133333;0.2;0.1;0.04714;[0.1, 0.2, 0.1];0.233333;0.3;0.2;0.04714;[0.2, 0.3, 0.2];0.433333;0.5;0.4;0.04714;[0.4, 0.5, 0.4];0.333333;0.4;0.3;0.04714;[0.3, 0.4, 0.3];0.133333;0.2;0.1;0.04714;[0.1, 0.2, 0.1];;neurosity_session_20250613_175556;;
2025-06-13T17:55:58.011159;1749851758.011159;1.046909;;;;;;;0.133333;0.2;0.1;0.04714;[0.1, 0.2, 0.1];0.233333;0.3;0.2;0.04714;[0.2, 0.3, 0.2];0.433333;0.5;0.4;0.04714;[0.4, 0.5, 0.4];0.333333;0.4;0.3;0.04714;[0.3, 0.4, 0.3];0.133333;0.2;0.1;0.04714;[0.1, 0.2, 0.1];;neurosity_session_20250613_175556;;
2025-06-13T17:55:58.062359;1749851758.062359;1.098109;;;;;;;0.133333;0.2;0.1;0.04714;[0.1, 0.2, 0.1];0.233333;0.3;0.2;0.04714;[0.2, 0.3, 0.2];0.433333;0.5;0.4;0.04714;[0.4, 0.5, 0.4];0.333333;0.4;0.3;0.04714;[0.3, 0.4, 0.3];0.133333;0.2;0.1;0.04714;[0.1, 0.2, 0.1];;neurosity_session_20250613_175556;;
2025-06-13T17:55:58.113299;1749851758.113299;1.149049;;;;;;;0.133333;0.2;0.1;0.04714;[0.1, 0.2, 0.1];0.233333;0.3;0.2;0.04714;[0.2, 0.3, 0.2];0.433333;0.5;0.4;0.04714;[0.4, 0.5, 0.4];0.333333;0.4;0.3;0.04714;[0.3, 0.4, 0.3];0.133333;0.2;0.1;0.04714;[0.1, 0.2, 0.1];;neurosity_session_20250613_175556;;
2025-06-13T17:55:58.164249;1749851758.164249;1.199999;;;;;;;0.133333;0.2;0.1;0.04714;[0.1, 0.2, 0.1];0.233333;0.3;0.2;0.04714;[0.2, 0.3, 0.2];0.433333;0.5;0.4;0.04714;[0.4, 0.5, 0.4];0.333333;0.4;0.3;0.04714;[0.3, 0.4, 0.3];0.133333;0.2;0.1;0.04714;[0.1, 0.2, 0.1];;neurosity_session_20250613_175556;;
2025-06-13T17:55:58.215014;1749851758.215014;1.250764;;;;;;;0.133333;0.2;0.1;0.04714;[0.1, 0.2, 0.1];0.233333;0.3;0.2;0.04714;[0.2, 0.3, 0.2];0.433333;0.5;0.4;0.04714;[0.4, 0.5, 0.4];0.333333;0.4;0.3;0.04714;[0.3, 0.4, 0.3];0.133333;0.2;0.1;0.04714;[0.1, 0.2, 0.1];;neurosity_session_20250613_175556;;
2025-06-13T17:55:58.265975;1749851758.265975;1.301725;;;;;;;0.133333;0.2;0.1;0.04714;[0.1, 0.2, 0.1];0.233333;0.3;0.2;0.04714;[0.2, 0.3, 0.2];0.433333;0.5;0.4;0.04714;[0.4, 0.5, 0.4];0.333333;0.4;0.3;0.04714;[0.3, 0.4, 0.3];0.133333;0.2;0.1;0.04714;[0.1, 0.2, 0.1];;neurosity_session_20250613_175556;;
2025-06-13T17:55:58.316817;1749851758.316817;1.352567;;;;;;;0.133333;0.2;0.1;0.04714;[0.1, 0.2, 0.1];0.233333;0.3;0.2;0.04714;[0.2, 0.3, 0.2];0.433333;0.5;0.4;0.04714;[0.4, 0.5, 0.4];0.333333;0.4;0.3;0.04714;[0.3, 0.4, 0.3];0.133333;0.2;0.1;0.04714;[0.1, 0.2, 0.1];;neurosity_session_20250613_175556;;
2025-06-13T17:55:58.368067;1749851758.368067;1.403817;;;;;;;0.133333;0.2;0.1;0.04714;[0.1, 0.2, 0.1];0.233333;0.3;0.2;0.04714;[0.2, 0.3, 0.2];0.433333;0.5;0.4;0.04714;[0.4, 0.5, 0.4];0.333333;0.4;0.3;0.04714;[0.3, 0.4, 0.3];0.133333;0.2;0.1;0.04714;[0.1, 0.2, 0.1];;neurosity_session_20250613_175556;;
2025-06-13T17:55:58.419191;1749851758.419191;1.454941;;;;;;;0.133333;0.2;0.1;0.04714;[0.1, 0.2, 0.1];0.233333;0.3;0.2;0.04714;[0.2, 0.3, 0.2];0.433333;0.5;0.4;0.04714;[0.4, 0.5, 0.4];0.333333;0.4;0.3;0.04714;[0.3, 0.4, 0.3];0.133333;0.2;0.1;0.04714;[0.1, 0.2, 0.1];;neurosity_session_20250613_175556;;
2025-06-13T17:55:58.469936;1749851758.469936;1.505686;0.7674933150172594;76.74933150172593;;;;;;;;;;;;;;;;;;;;;;;;;;;;;;;neurosity_session_20250613_175556;;
2025-06-13T17:55:58.722825;1749851758.722825;1.758575;;;0.4137800666193868;41.378006661938684;;;;;;;;;;;;;;;;;;;;;;;;;;;;;neurosity_session_20250613_175556;;
2025-06-13T17:55:58.875471;1749851758.875471;1.911221;;;;;;;0.133333;0.2;0.1;0.04714;[0.1, 0.2, 0.1];0.233333;0.3;0.2;0.04714;[0.2, 0.3, 0.2];0.433333;0.5;0.4;0.04714;[0.4, 0.5, 0.4];0.333333;0.4;0.3;0.04714;[0.3, 0.4, 0.3];0.133333;0.2;0.1;0.04714;[0.1, 0.2, 0.1];;neurosity_session_20250613_175556;;
2025-06-13T17:55:58.926648;1749851758.926648;1.962398;;;;;;;0.133333;0.2;0.1;0.04714;[0.1, 0.2, 0.1];0.233333;0.3;0.2;0.04714;[0.2, 0.3, 0.2];0.433333;0.5;0.4;0.04714;[0.4, 0.5, 0.4];0.333333;0.4;0.3;0.04714;[0.3, 0.4, 0.3];0.133333;0.2;0.1;0.04714;[0.1, 0.2, 0.1];;neurosity_session_20250613_175556;;
2025-06-13T17:55:58.977956;1749851758.977956;2.013706;;;;;;;0.133333;0.2;0.1;0.04714;[0.1, 0.2, 0.1];0.233333;0.3;0.2;0.04714;[0.2, 0.3, 0.2];0.433333;0.5;0.4;0.04714;[0.4, 0.5, 0.4];0.333333;0.4;0.3;0.04714;[0.3, 0.4, 0.3];0.133333;0.2;0.1;0.04714;[0.1, 0.2, 0.1];;neurosity_session_20250613_175556;;
2025-06-13T17:55:58.978632;1749851758.978632;2.014382;;;;;;;0.133333;0.2;0.1;0.04714;[0.1, 0.2, 0.1];0.233333;0.3;0.2;0.04714;[0.2, 0.3, 0.2];0.433333;0.5;0.4;0.04714;[0.4, 0.5, 0.4];0.333333;0.4;0.3;0.04714;[0.3, 0.4, 0.3];0.133333;0.2;0.1;0.04714;[0.1, 0.2, 0.1];;neurosity_session_20250613_175556;;
2025-06-13T17:55:59.080866;1749851759.080866;2.116616;;;;;;;0.133333;0.2;0.1;0.04714;[0.1, 0.2, 0.1];0.233333;0.3;0.2;0.04714;[0.2, 0.3, 0.2];0.433333;0.5;0.4;0.04714;[0.4, 0.5, 0.4];0.333333;0.4;0.3;0.04714;[0.3, 0.4, 0.3];0.133333;0.2;0.1;0.04714;[0.1, 0.2, 0.1];;neurosity_session_20250613_175556;;
2025-06-13T17:55:59.081482;1749851759.081482;2.117232;;;;;;;0.133333;0.2;0.1;0.04714;[0.1, 0.2, 0.1];0.233333;0.3;0.2;0.04714;[0.2, 0.3, 0.2];0.433333;0.5;0.4;0.04714;[0.4, 0.5, 0.4];0.333333;0.4;0.3;0.04714;[0.3, 0.4, 0.3];0.133333;0.2;0.1;0.04714;[0.1, 0.2, 0.1];;neurosity_session_20250613_175556;;
2025-06-13T17:55:59.183510;1749851759.18351;2.21926;;;;;;;0.133333;0.2;0.1;0.04714;[0.1, 0.2, 0.1];0.233333;0.3;0.2;0.04714;[0.2, 0.3, 0.2];0.433333;0.5;0.4;0.04714;[0.4, 0.5, 0.4];0.333333;0.4;0.3;0.04714;[0.3, 0.4, 0.3];0.133333;0.2;0.1;0.04714;[0.1, 0.2, 0.1];;neurosity_session_20250613_175556;;
2025-06-13T17:55:59.235535;1749851759.235535;2.271285;;;;;;;0.133333;0.2;0.1;0.04714;[0.1, 0.2, 0.1];0.233333;0.3;0.2;0.04714;[0.2, 0.3, 0.2];0.433333;0.5;0.4;0.04714;[0.4, 0.5, 0.4];0.333333;0.4;0.3;0.04714;[0.3, 0.4, 0.3];0.133333;0.2;0.1;0.04714;[0.1, 0.2, 0.1];;neurosity_session_20250613_175556;;
2025-06-13T17:55:59.235828;1749851759.235828;2.271578;;;;;;;0.133333;0.2;0.1;0.04714;[0.1, 0.2, 0.1];0.233333;0.3;0.2;0.04714;[0.2, 0.3, 0.2];0.433333;0.5;0.4;0.04714;[0.4, 0.5, 0.4];0.333333;0.4;0.3;0.04714;[0.3, 0.4, 0.3];0.133333;0.2;0.1;0.04714;[0.1, 0.2, 0.1];;neurosity_session_20250613_175556;;
2025-06-13T17:55:59.336792;1749851759.336792;2.372542;;;;;;;0.133333;0.2;0.1;0.04714;[0.1, 0.2, 0.1];0.233333;0.3;0.2;0.04714;[0.2, 0.3, 0.2];0.433333;0.5;0.4;0.04714;[0.4, 0.5, 0.4];0.333333;0.4;0.3;0.04714;[0.3, 0.4, 0.3];0.133333;0.2;0.1;0.04714;[0.1, 0.2, 0.1];;neurosity_session_20250613_175556;;
2025-06-13T17:55:59.337108;1749851759.337108;2.372858;;;;;;;0.133333;0.2;0.1;0.04714;[0.1, 0.2, 0.1];0.233333;0.3;0.2;0.04714;[0.2, 0.3, 0.2];0.433333;0.5;0.4;0.04714;[0.4, 0.5, 0.4];0.333333;0.4;0.3;0.04714;[0.3, 0.4, 0.3];0.133333;0.2;0.1;0.04714;[0.1, 0.2, 0.1];;neurosity_session_20250613_175556;;
2025-06-13T17:55:59.438570;1749851759.43857;2.47432;;;;;;;0.133333;0.2;0.1;0.04714;[0.1, 0.2, 0.1];0.233333;0.3;0.2;0.04714;[0.2, 0.3, 0.2];0.433333;0.5;0.4;0.04714;[0.4, 0.5, 0.4];0.333333;0.4;0.3;0.04714;[0.3, 0.4, 0.3];0.133333;0.2;0.1;0.04714;[0.1, 0.2, 0.1];;neurosity_session_20250613_175556;;
2025-06-13T17:55:59.489602;1749851759.489602;2.525352;;;;;;;0.133333;0.2;0.1;0.04714;[0.1, 0.2, 0.1];0.233333;0.3;0.2;0.04714;[0.2, 0.3, 0.2];0.433333;0.5;0.4;0.04714;[0.4, 0.5, 0.4];0.333333;0.4;0.3;0.04714;[0.3, 0.4, 0.3];0.133333;0.2;0.1;0.04714;[0.1, 0.2, 0.1];;neurosity_session_20250613_175556;;
2025-06-13T17:55:59.540743;1749851759.540743;2.576493;0.7319278188006915;73.19278188006915;;;;;;;;;;;;;;;;;;;;;;;;;;;;;;;neurosity_session_20250613_175556;;
2025-06-13T17:55:59.541436;1749851759.541436;2.577186;;;;;;;0.133333;0.2;0.1;0.04714;[0.1, 0.2, 0.1];0.233333;0.3;0.2;0.04714;[0.2, 0.3, 0.2];0.433333;0.5;0.4;0.04714;[0.4, 0.5, 0.4];0.333333;0.4;0.3;0.04714;[0.3, 0.4, 0.3];0.133333;0.2;0.1;0.04714;[0.1, 0.2, 0.1];;neurosity_session_20250613_175556;;
2025-06-13T17:55:59.541896;1749851759.541896;2.577646;;;;;;;0.133333;0.2;0.1;0.04714;[0.1, 0.2, 0.1];0.233333;0.3;0.2;0.04714;[0.2, 0.3, 0.2];0.433333;0.5;0.4;0.04714;[0.4, 0.5, 0.4];0.333333;0.4;0.3;0.04714;[0.3, 0.4, 0.3];0.133333;0.2;0.1;0.04714;[0.1, 0.2, 0.1];;neurosity_session_20250613_175556;;
2025-06-13T17:55:59.593251;1749851759.593251;2.629001;;;0.4100519381021794;41.00519381021794;;;;;;;;;;;;;;;;;;;;;;;;;;;;;neurosity_session_20250613_175556;;
2025-06-13T17:55:59.694597;1749851759.694597;2.730347;;;;;;;0.133333;0.2;0.1;0.04714;[0.1, 0.2, 0.1];0.233333;0.3;0.2;0.04714;[0.2, 0.3, 0.2];0.433333;0.5;0.4;0.04714;[0.4, 0.5, 0.4];0.333333;0.4;0.3;0.04714;[0.3, 0.4, 0.3];0.133333;0.2;0.1;0.04714;[0.1, 0.2, 0.1];;neurosity_session_20250613_175556;;
2025-06-13T17:55:59.695293;1749851759.695293;2.731043;;;;;;;0.133333;0.2;0.1;0.04714;[0.1, 0.2, 0.1];0.233333;0.3;0.2;0.04714;[0.2, 0.3, 0.2];0.433333;0.5;0.4;0.04714;[0.4, 0.5, 0.4];0.333333;0.4;0.3;0.04714;[0.3, 0.4, 0.3];0.133333;0.2;0.1;0.04714;[0.1, 0.2, 0.1];;neurosity_session_20250613_175556;;
2025-06-13T17:55:59.746143;1749851759.746143;2.781893;;;;;;;0.133333;0.2;0.1;0.04714;[0.1, 0.2, 0.1];0.233333;0.3;0.2;0.04714;[0.2, 0.3, 0.2];0.433333;0.5;0.4;0.04714;[0.4, 0.5, 0.4];0.333333;0.4;0.3;0.04714;[0.3, 0.4, 0.3];0.133333;0.2;0.1;0.04714;[0.1, 0.2, 0.1];;neurosity_session_20250613_175556;;
2025-06-13T17:55:59.796659;1749851759.796659;2.832409;;;;;;;0.133333;0.2;0.1;0.04714;[0.1, 0.2, 0.1];0.233333;0.3;0.2;0.04714;[0.2, 0.3, 0.2];0.433333;0.5;0.4;0.04714;[0.4, 0.5, 0.4];0.333333;0.4;0.3;0.04714;[0.3, 0.4, 0.3];0.133333;0.2;0.1;0.04714;[0.1, 0.2, 0.1];;neurosity_session_20250613_175556;;
2025-06-13T17:55:59.796872;1749851759.796872;2.832622;;;;;;;0.133333;0.2;0.1;0.04714;[0.1, 0.2, 0.1];0.233333;0.3;0.2;0.04714;[0.2, 0.3, 0.2];0.433333;0.5;0.4;0.04714;[0.4, 0.5, 0.4];0.333333;0.4;0.3;0.04714;[0.3, 0.4, 0.3];0.133333;0.2;0.1;0.04714;[0.1, 0.2, 0.1];;neurosity_session_20250613_175556;;
2025-06-13T17:55:59.848474;1749851759.848474;2.884224;;;;;;;0.133333;0.2;0.1;0.04714;[0.1, 0.2, 0.1];0.233333;0.3;0.2;0.04714;[0.2, 0.3, 0.2];0.433333;0.5;0.4;0.04714;[0.4, 0.5, 0.4];0.333333;0.4;0.3;0.04714;[0.3, 0.4, 0.3];0.133333;0.2;0.1;0.04714;[0.1, 0.2, 0.1];;neurosity_session_20250613_175556;;
2025-06-13T17:55:59.900939;1749851759.900939;2.936689;;;;;;;0.133333;0.2;0.1;0.04714;[0.1, 0.2, 0.1];0.233333;0.3;0.2;0.04714;[0.2, 0.3, 0.2];0.433333;0.5;0.4;0.04714;[0.4, 0.5, 0.4];0.333333;0.4;0.3;0.04714;[0.3, 0.4, 0.3];0.133333;0.2;0.1;0.04714;[0.1, 0.2, 0.1];;neurosity_session_20250613_175556;;
2025-06-13T17:56:00.055044;1749851760.055044;3.090794;;;;;;;0.133333;0.2;0.1;0.04714;[0.1, 0.2, 0.1];0.233333;0.3;0.2;0.04714;[0.2, 0.3, 0.2];0.433333;0.5;0.4;0.04714;[0.4, 0.5, 0.4];0.333333;0.4;0.3;0.04714;[0.3, 0.4, 0.3];0.133333;0.2;0.1;0.04714;[0.1, 0.2, 0.1];;neurosity_session_20250613_175556;;
2025-06-13T17:56:00.158556;1749851760.158556;3.194306;;;;;;;0.133333;0.2;0.1;0.04714;[0.1, 0.2, 0.1];0.233333;0.3;0.2;0.04714;[0.2, 0.3, 0.2];0.433333;0.5;0.4;0.04714;[0.4, 0.5, 0.4];0.333333;0.4;0.3;0.04714;[0.3, 0.4, 0.3];0.133333;0.2;0.1;0.04714;[0.1, 0.2, 0.1];;neurosity_session_20250613_175556;;
2025-06-13T17:56:00.210338;1749851760.210338;3.246088;;;;;;;0.133333;0.2;0.1;0.04714;[0.1, 0.2, 0.1];0.233333;0.3;0.2;0.04714;[0.2, 0.3, 0.2];0.433333;0.5;0.4;0.04714;[0.4, 0.5, 0.4];0.333333;0.4;0.3;0.04714;[0.3, 0.4, 0.3];0.133333;0.2;0.1;0.04714;[0.1, 0.2, 0.1];;neurosity_session_20250613_175556;;
2025-06-13T17:56:00.261131;1749851760.261131;3.296881;;;;;;;0.133333;0.2;0.1;0.04714;[0.1, 0.2, 0.1];0.233333;0.3;0.2;0.04714;[0.2, 0.3, 0.2];0.433333;0.5;0.4;0.04714;[0.4, 0.5, 0.4];0.333333;0.4;0.3;0.04714;[0.3, 0.4, 0.3];0.133333;0.2;0.1;0.04714;[0.1, 0.2, 0.1];;neurosity_session_20250613_175556;;
2025-06-13T17:56:00.312285;1749851760.312285;3.348035;;;;;;;0.133333;0.2;0.1;0.04714;[0.1, 0.2, 0.1];0.233333;0.3;0.2;0.04714;[0.2, 0.3, 0.2];0.433333;0.5;0.4;0.04714;[0.4, 0.5, 0.4];0.333333;0.4;0.3;0.04714;[0.3, 0.4, 0.3];0.133333;0.2;0.1;0.04714;[0.1, 0.2, 0.1];;neurosity_session_20250613_175556;;
2025-06-13T17:56:00.312730;1749851760.31273;3.34848;;;;;;;0.133333;0.2;0.1;0.04714;[0.1, 0.2, 0.1];0.233333;0.3;0.2;0.04714;[0.2, 0.3, 0.2];0.433333;0.5;0.4;0.04714;[0.4, 0.5, 0.4];0.333333;0.4;0.3;0.04714;[0.3, 0.4, 0.3];0.133333;0.2;0.1;0.04714;[0.1, 0.2, 0.1];;neurosity_session_20250613_175556;;
2025-06-13T17:56:00.363485;1749851760.363485;3.399235;;;;;;;0.133333;0.2;0.1;0.04714;[0.1, 0.2, 0.1];0.233333;0.3;0.2;0.04714;[0.2, 0.3, 0.2];0.433333;0.5;0.4;0.04714;[0.4, 0.5, 0.4];0.333333;0.4;0.3;0.04714;[0.3, 0.4, 0.3];0.133333;0.2;0.1;0.04714;[0.1, 0.2, 0.1];;neurosity_session_20250613_175556;;
2025-06-13T17:56:00.414304;1749851760.414304;3.450054;;;;;;;0.133333;0.2;0.1;0.04714;[0.1, 0.2, 0.1];0.233333;0.3;0.2;0.04714;[0.2, 0.3, 0.2];0.433333;0.5;0.4;0.04714;[0.4, 0.5, 0.4];0.333333;0.4;0.3;0.04714;[0.3, 0.4, 0.3];0.133333;0.2;0.1;0.04714;[0.1, 0.2, 0.1];;neurosity_session_20250613_175556;;
2025-06-13T17:56:00.414613;1749851760.414613;3.450363;;;;;;;0.133333;0.2;0.1;0.04714;[0.1, 0.2, 0.1];0.233333;0.3;0.2;0.04714;[0.2, 0.3, 0.2];0.433333;0.5;0.4;0.04714;[0.4, 0.5, 0.4];0.333333;0.4;0.3;0.04714;[0.3, 0.4, 0.3];0.133333;0.2;0.1;0.04714;[0.1, 0.2, 0.1];;neurosity_session_20250613_175556;;
2025-06-13T17:56:00.467348;1749851760.467348;3.503098;;;;;;;0.133333;0.2;0.1;0.04714;[0.1, 0.2, 0.1];0.233333;0.3;0.2;0.04714;[0.2, 0.3, 0.2];0.433333;0.5;0.4;0.04714;[0.4, 0.5, 0.4];0.333333;0.4;0.3;0.04714;[0.3, 0.4, 0.3];0.133333;0.2;0.1;0.04714;[0.1, 0.2, 0.1];;neurosity_session_20250613_175556;;
2025-06-13T17:56:00.468918;1749851760.468918;3.504668;0.8235582525546821;82.3558252554682;;;;;;;;;;;;;;;;;;;;;;;;;;;;;;;neurosity_session_20250613_175556;;
2025-06-13T17:56:00.774961;1749851760.774961;3.810711;;;0.42702732823246387;42.702732823246386;;;;;;;;;;;;;;;;;;;;;;;;;;;;;neurosity_session_20250613_175556;;
2025-06-13T17:56:00.825934;1749851760.825934;3.861684;;;;;;;0.133333;0.2;0.1;0.04714;[0.1, 0.2, 0.1];0.233333;0.3;0.2;0.04714;[0.2, 0.3, 0.2];0.433333;0.5;0.4;0.04714;[0.4, 0.5, 0.4];0.333333;0.4;0.3;0.04714;[0.3, 0.4, 0.3];0.133333;0.2;0.1;0.04714;[0.1, 0.2, 0.1];;neurosity_session_20250613_175556;;
2025-06-13T17:56:00.877016;1749851760.877016;3.912766;;;;;;;0.133333;0.2;0.1;0.04714;[0.1, 0.2, 0.1];0.233333;0.3;0.2;0.04714;[0.2, 0.3, 0.2];0.433333;0.5;0.4;0.04714;[0.4, 0.5, 0.4];0.333333;0.4;0.3;0.04714;[0.3, 0.4, 0.3];0.133333;0.2;0.1;0.04714;[0.1, 0.2, 0.1];;neurosity_session_20250613_175556;;
2025-06-13T17:56:00.928027;1749851760.928027;3.963777;;;;;;;0.133333;0.2;0.1;0.04714;[0.1, 0.2, 0.1];0.233333;0.3;0.2;0.04714;[0.2, 0.3, 0.2];0.433333;0.5;0.4;0.04714;[0.4, 0.5, 0.4];0.333333;0.4;0.3;0.04714;[0.3, 0.4, 0.3];0.133333;0.2;0.1;0.04714;[0.1, 0.2, 0.1];;neurosity_session_20250613_175556;;
2025-06-13T17:56:00.978917;1749851760.978917;4.014667;;;;;;;0.133333;0.2;0.1;0.04714;[0.1, 0.2, 0.1];0.233333;0.3;0.2;0.04714;[0.2, 0.3, 0.2];0.433333;0.5;0.4;0.04714;[0.4, 0.5, 0.4];0.333333;0.4;0.3;0.04714;[0.3, 0.4, 0.3];0.133333;0.2;0.1;0.04714;[0.1, 0.2, 0.1];;neurosity_session_20250613_175556;;
2025-06-13T17:56:01.030046;1749851761.030046;4.065796;;;;;;;0.133333;0.2;0.1;0.04714;[0.1, 0.2, 0.1];0.233333;0.3;0.2;0.04714;[0.2, 0.3, 0.2];0.433333;0.5;0.4;0.04714;[0.4, 0.5, 0.4];0.333333;0.4;0.3;0.04714;[0.3, 0.4, 0.3];0.133333;0.2;0.1;0.04714;[0.1, 0.2, 0.1];;neurosity_session_20250613_175556;;
2025-06-13T17:56:01.080908;1749851761.080908;4.116658;;;;;;;0.133333;0.2;0.1;0.04714;[0.1, 0.2, 0.1];0.233333;0.3;0.2;0.04714;[0.2, 0.3, 0.2];0.433333;0.5;0.4;0.04714;[0.4, 0.5, 0.4];0.333333;0.4;0.3;0.04714;[0.3, 0.4, 0.3];0.133333;0.2;0.1;0.04714;[0.1, 0.2, 0.1];;neurosity_session_20250613_175556;;
2025-06-13T17:56:01.081194;1749851761.081194;4.116944;;;;;;;0.133333;0.2;0.1;0.04714;[0.1, 0.2, 0.1];0.233333;0.3;0.2;0.04714;[0.2, 0.3, 0.2];0.433333;0.5;0.4;0.04714;[0.4, 0.5, 0.4];0.333333;0.4;0.3;0.04714;[0.3, 0.4, 0.3];0.133333;0.2;0.1;0.04714;[0.1, 0.2, 0.1];;neurosity_session_20250613_175556;;
2025-06-13T17:56:01.131661;1749851761.131661;4.167411;;;;;;;0.133333;0.2;0.1;0.04714;[0.1, 0.2, 0.1];0.233333;0.3;0.2;0.04714;[0.2, 0.3, 0.2];0.433333;0.5;0.4;0.04714;[0.4, 0.5, 0.4];0.333333;0.4;0.3;0.04714;[0.3, 0.4, 0.3];0.133333;0.2;0.1;0.04714;[0.1, 0.2, 0.1];;neurosity_session_20250613_175556;;
2025-06-13T17:56:01.182588;1749851761.182588;4.218338;;;;;;;0.133333;0.2;0.1;0.04714;[0.1, 0.2, 0.1];0.233333;0.3;0.2;0.04714;[0.2, 0.3, 0.2];0.433333;0.5;0.4;0.04714;[0.4, 0.5, 0.4];0.333333;0.4;0.3;0.04714;[0.3, 0.4, 0.3];0.133333;0.2;0.1;0.04714;[0.1, 0.2, 0.1];;neurosity_session_20250613_175556;;
2025-06-13T17:56:01.233936;1749851761.233936;4.269686;;;;;;;0.133333;0.2;0.1;0.04714;[0.1, 0.2, 0.1];0.233333;0.3;0.2;0.04714;[0.2, 0.3, 0.2];0.433333;0.5;0.4;0.04714;[0.4, 0.5, 0.4];0.333333;0.4;0.3;0.04714;[0.3, 0.4, 0.3];0.133333;0.2;0.1;0.04714;[0.1, 0.2, 0.1];;neurosity_session_20250613_175556;;
2025-06-13T17:56:01.234643;1749851761.234643;4.270393;;;;;;;0.133333;0.2;0.1;0.04714;[0.1, 0.2, 0.1];0.233333;0.3;0.2;0.04714;[0.2, 0.3, 0.2];0.433333;0.5;0.4;0.04714;[0.4, 0.5, 0.4];0.333333;0.4;0.3;0.04714;[0.3, 0.4, 0.3];0.133333;0.2;0.1;0.04714;[0.1, 0.2, 0.1];;neurosity_session_20250613_175556;;
2025-06-13T17:56:01.336036;1749851761.336036;4.371786;;;;;;;0.133333;0.2;0.1;0.04714;[0.1, 0.2, 0.1];0.233333;0.3;0.2;0.04714;[0.2, 0.3, 0.2];0.433333;0.5;0.4;0.04714;[0.4, 0.5, 0.4];0.333333;0.4;0.3;0.04714;[0.3, 0.4, 0.3];0.133333;0.2;0.1;0.04714;[0.1, 0.2, 0.1];;neurosity_session_20250613_175556;;
2025-06-13T17:56:01.387432;1749851761.387432;4.423182;;;;;;;0.133333;0.2;0.1;0.04714;[0.1, 0.2, 0.1];0.233333;0.3;0.2;0.04714;[0.2, 0.3, 0.2];0.433333;0.5;0.4;0.04714;[0.4, 0.5, 0.4];0.333333;0.4;0.3;0.04714;[0.3, 0.4, 0.3];0.133333;0.2;0.1;0.04714;[0.1, 0.2, 0.1];;neurosity_session_20250613_175556;;
2025-06-13T17:56:01.438230;1749851761.43823;4.47398;;;;;;;0.133333;0.2;0.1;0.04714;[0.1, 0.2, 0.1];0.233333;0.3;0.2;0.04714;[0.2, 0.3, 0.2];0.433333;0.5;0.4;0.04714;[0.4, 0.5, 0.4];0.333333;0.4;0.3;0.04714;[0.3, 0.4, 0.3];0.133333;0.2;0.1;0.04714;[0.1, 0.2, 0.1];;neurosity_session_20250613_175556;;
2025-06-13T17:56:01.489170;1749851761.48917;4.52492;;;;;;;0.133333;0.2;0.1;0.04714;[0.1, 0.2, 0.1];0.233333;0.3;0.2;0.04714;[0.2, 0.3, 0.2];0.433333;0.5;0.4;0.04714;[0.4, 0.5, 0.4];0.333333;0.4;0.3;0.04714;[0.3, 0.4, 0.3];0.133333;0.2;0.1;0.04714;[0.1, 0.2, 0.1];;neurosity_session_20250613_175556;;
2025-06-13T17:56:01.540072;1749851761.540072;4.575822;0.8965229874249684;89.65229874249684;;;;;;;;;;;;;;;;;;;;;;;;;;;;;;;neurosity_session_20250613_175556;;
2025-06-13T17:56:01.540397;1749851761.540397;4.576147;;;0.4226349312615392;42.263493126153925;;;;;;;;;;;;;;;;;;;;;;;;;;;;;neurosity_session_20250613_175556;;
2025-06-13T17:56:01.591327;1749851761.591327;4.627077;;;;;;;0.133333;0.2;0.1;0.04714;[0.1, 0.2, 0.1];0.233333;0.3;0.2;0.04714;[0.2, 0.3, 0.2];0.433333;0.5;0.4;0.04714;[0.4, 0.5, 0.4];0.333333;0.4;0.3;0.04714;[0.3, 0.4, 0.3];0.133333;0.2;0.1;0.04714;[0.1, 0.2, 0.1];;neurosity_session_20250613_175556;;
2025-06-13T17:56:01.642834;1749851761.642834;4.678584;;;;;;;0.133333;0.2;0.1;0.04714;[0.1, 0.2, 0.1];0.233333;0.3;0.2;0.04714;[0.2, 0.3, 0.2];0.433333;0.5;0.4;0.04714;[0.4, 0.5, 0.4];0.333333;0.4;0.3;0.04714;[0.3, 0.4, 0.3];0.133333;0.2;0.1;0.04714;[0.1, 0.2, 0.1];;neurosity_session_20250613_175556;;
2025-06-13T17:56:01.744356;1749851761.744356;4.780106;;;;;;;0.133333;0.2;0.1;0.04714;[0.1, 0.2, 0.1];0.233333;0.3;0.2;0.04714;[0.2, 0.3, 0.2];0.433333;0.5;0.4;0.04714;[0.4, 0.5, 0.4];0.333333;0.4;0.3;0.04714;[0.3, 0.4, 0.3];0.133333;0.2;0.1;0.04714;[0.1, 0.2, 0.1];;neurosity_session_20250613_175556;;
2025-06-13T17:56:01.795194;1749851761.795194;4.830944;;;;;;;0.133333;0.2;0.1;0.04714;[0.1, 0.2, 0.1];0.233333;0.3;0.2;0.04714;[0.2, 0.3, 0.2];0.433333;0.5;0.4;0.04714;[0.4, 0.5, 0.4];0.333333;0.4;0.3;0.04714;[0.3, 0.4, 0.3];0.133333;0.2;0.1;0.04714;[0.1, 0.2, 0.1];;neurosity_session_20250613_175556;;
2025-06-13T17:56:01.846209;1749851761.846209;4.881959;;;;;;;0.133333;0.2;0.1;0.04714;[0.1, 0.2, 0.1];0.233333;0.3;0.2;0.04714;[0.2, 0.3, 0.2];0.433333;0.5;0.4;0.04714;[0.4, 0.5, 0.4];0.333333;0.4;0.3;0.04714;[0.3, 0.4, 0.3];0.133333;0.2;0.1;0.04714;[0.1, 0.2, 0.1];;neurosity_session_20250613_175556;;
2025-06-13T17:56:01.897374;1749851761.897374;4.933124;;;;;;;0.133333;0.2;0.1;0.04714;[0.1, 0.2, 0.1];0.233333;0.3;0.2;0.04714;[0.2, 0.3, 0.2];0.433333;0.5;0.4;0.04714;[0.4, 0.5, 0.4];0.333333;0.4;0.3;0.04714;[0.3, 0.4, 0.3];0.133333;0.2;0.1;0.04714;[0.1, 0.2, 0.1];;neurosity_session_20250613_175556;;
2025-06-13T17:56:01.897776;1749851761.897776;4.933526;;;;;;;0.133333;0.2;0.1;0.04714;[0.1, 0.2, 0.1];0.233333;0.3;0.2;0.04714;[0.2, 0.3, 0.2];0.433333;0.5;0.4;0.04714;[0.4, 0.5, 0.4];0.333333;0.4;0.3;0.04714;[0.3, 0.4, 0.3];0.133333;0.2;0.1;0.04714;[0.1, 0.2, 0.1];;neurosity_session_20250613_175556;;
2025-06-13T17:56:01.948594;1749851761.948594;4.984344;;;;;;;0.133333;0.2;0.1;0.04714;[0.1, 0.2, 0.1];0.233333;0.3;0.2;0.04714;[0.2, 0.3, 0.2];0.433333;0.5;0.4;0.04714;[0.4, 0.5, 0.4];0.333333;0.4;0.3;0.04714;[0.3, 0.4, 0.3];0.133333;0.2;0.1;0.04714;[0.1, 0.2, 0.1];;neurosity_session_20250613_175556;;
2025-06-13T17:56:01.999622;1749851761.999622;5.035372;;;;;;;0.133333;0.2;0.1;0.04714;[0.1, 0.2, 0.1];0.233333;0.3;0.2;0.04714;[0.2, 0.3, 0.2];0.433333;0.5;0.4;0.04714;[0.4, 0.5, 0.4];0.333333;0.4;0.3;0.04714;[0.3, 0.4, 0.3];0.133333;0.2;0.1;0.04714;[0.1, 0.2, 0.1];;neurosity_session_20250613_175556;;
2025-06-13T17:56:02.050612;1749851762.050612;5.086362;;;;;;;0.133333;0.2;0.1;0.04714;[0.1, 0.2, 0.1];0.233333;0.3;0.2;0.04714;[0.2, 0.3, 0.2];0.433333;0.5;0.4;0.04714;[0.4, 0.5, 0.4];0.333333;0.4;0.3;0.04714;[0.3, 0.4, 0.3];0.133333;0.2;0.1;0.04714;[0.1, 0.2, 0.1];;neurosity_session_20250613_175556;;
2025-06-13T17:56:02.051049;1749851762.051049;5.086799;;;;;;;0.133333;0.2;0.1;0.04714;[0.1, 0.2, 0.1];0.233333;0.3;0.2;0.04714;[0.2, 0.3, 0.2];0.433333;0.5;0.4;0.04714;[0.4, 0.5, 0.4];0.333333;0.4;0.3;0.04714;[0.3, 0.4, 0.3];0.133333;0.2;0.1;0.04714;[0.1, 0.2, 0.1];;neurosity_session_20250613_175556;;
2025-06-13T17:56:02.101997;1749851762.101997;5.137747;;;;;;;0.133333;0.2;0.1;0.04714;[0.1, 0.2, 0.1];0.233333;0.3;0.2;0.04714;[0.2, 0.3, 0.2];0.433333;0.5;0.4;0.04714;[0.4, 0.5, 0.4];0.333333;0.4;0.3;0.04714;[0.3, 0.4, 0.3];0.133333;0.2;0.1;0.04714;[0.1, 0.2, 0.1];;neurosity_session_20250613_175556;;
2025-06-13T17:56:02.152934;1749851762.152934;5.188684;;;;;;;0.133333;0.2;0.1;0.04714;[0.1, 0.2, 0.1];0.233333;0.3;0.2;0.04714;[0.2, 0.3, 0.2];0.433333;0.5;0.4;0.04714;[0.4, 0.5, 0.4];0.333333;0.4;0.3;0.04714;[0.3, 0.4, 0.3];0.133333;0.2;0.1;0.04714;[0.1, 0.2, 0.1];;neurosity_session_20250613_175556;;
2025-06-13T17:56:02.204559;1749851762.204559;5.240309;;;;;;;0.133333;0.2;0.1;0.04714;[0.1, 0.2, 0.1];0.233333;0.3;0.2;0.04714;[0.2, 0.3, 0.2];0.433333;0.5;0.4;0.04714;[0.4, 0.5, 0.4];0.333333;0.4;0.3;0.04714;[0.3, 0.4, 0.3];0.133333;0.2;0.1;0.04714;[0.1, 0.2, 0.1];;neurosity_session_20250613_175556;;
2025-06-13T17:56:02.357724;1749851762.357724;5.393474;;;;;;;0.133333;0.2;0.1;0.04714;[0.1, 0.2, 0.1];0.233333;0.3;0.2;0.04714;[0.2, 0.3, 0.2];0.433333;0.5;0.4;0.04714;[0.4, 0.5, 0.4];0.333333;0.4;0.3;0.04714;[0.3, 0.4, 0.3];0.133333;0.2;0.1;0.04714;[0.1, 0.2, 0.1];;neurosity_session_20250613_175556;;
2025-06-13T17:56:02.408800;1749851762.4088;5.44455;;;;;;;0.133333;0.2;0.1;0.04714;[0.1, 0.2, 0.1];0.233333;0.3;0.2;0.04714;[0.2, 0.3, 0.2];0.433333;0.5;0.4;0.04714;[0.4, 0.5, 0.4];0.333333;0.4;0.3;0.04714;[0.3, 0.4, 0.3];0.133333;0.2;0.1;0.04714;[0.1, 0.2, 0.1];;neurosity_session_20250613_175556;;
2025-06-13T17:56:02.511122;1749851762.511122;5.546872;0.646059299388575;64.6059299388575;;;;;;;;;;;;;;;;;;;;;;;;;;;;;;;neurosity_session_20250613_175556;;
2025-06-13T17:56:02.562087;1749851762.562087;5.597837;;;0.4179948028355506;41.79948028355506;;;;;;;;;;;;;;;;;;;;;;;;;;;;;neurosity_session_20250613_175556;;
2025-06-13T17:56:02.562448;1749851762.562448;5.598198;;;;;;;0.133333;0.2;0.1;0.04714;[0.1, 0.2, 0.1];0.233333;0.3;0.2;0.04714;[0.2, 0.3, 0.2];0.433333;0.5;0.4;0.04714;[0.4, 0.5, 0.4];0.333333;0.4;0.3;0.04714;[0.3, 0.4, 0.3];0.133333;0.2;0.1;0.04714;[0.1, 0.2, 0.1];;neurosity_session_20250613_175556;;
2025-06-13T17:56:02.562976;1749851762.562976;5.598726;;;;;;;0.133333;0.2;0.1;0.04714;[0.1, 0.2, 0.1];0.233333;0.3;0.2;0.04714;[0.2, 0.3, 0.2];0.433333;0.5;0.4;0.04714;[0.4, 0.5, 0.4];0.333333;0.4;0.3;0.04714;[0.3, 0.4, 0.3];0.133333;0.2;0.1;0.04714;[0.1, 0.2, 0.1];;neurosity_session_20250613_175556;;
2025-06-13T17:56:02.613996;1749851762.613996;5.649746;;;;;;;0.133333;0.2;0.1;0.04714;[0.1, 0.2, 0.1];0.233333;0.3;0.2;0.04714;[0.2, 0.3, 0.2];0.433333;0.5;0.4;0.04714;[0.4, 0.5, 0.4];0.333333;0.4;0.3;0.04714;[0.3, 0.4, 0.3];0.133333;0.2;0.1;0.04714;[0.1, 0.2, 0.1];;neurosity_session_20250613_175556;;
2025-06-13T17:56:02.665019;1749851762.665019;5.700769;;;;;;;0.133333;0.2;0.1;0.04714;[0.1, 0.2, 0.1];0.233333;0.3;0.2;0.04714;[0.2, 0.3, 0.2];0.433333;0.5;0.4;0.04714;[0.4, 0.5, 0.4];0.333333;0.4;0.3;0.04714;[0.3, 0.4, 0.3];0.133333;0.2;0.1;0.04714;[0.1, 0.2, 0.1];;neurosity_session_20250613_175556;;
2025-06-13T17:56:02.665306;1749851762.665306;5.701056;;;;;;;0.133333;0.2;0.1;0.04714;[0.1, 0.2, 0.1];0.233333;0.3;0.2;0.04714;[0.2, 0.3, 0.2];0.433333;0.5;0.4;0.04714;[0.4, 0.5, 0.4];0.333333;0.4;0.3;0.04714;[0.3, 0.4, 0.3];0.133333;0.2;0.1;0.04714;[0.1, 0.2, 0.1];;neurosity_session_20250613_175556;;
2025-06-13T17:56:02.715882;1749851762.715882;5.751632;;;;;;;0.133333;0.2;0.1;0.04714;[0.1, 0.2, 0.1];0.233333;0.3;0.2;0.04714;[0.2, 0.3, 0.2];0.433333;0.5;0.4;0.04714;[0.4, 0.5, 0.4];0.333333;0.4;0.3;0.04714;[0.3, 0.4, 0.3];0.133333;0.2;0.1;0.04714;[0.1, 0.2, 0.1];;neurosity_session_20250613_175556;;
2025-06-13T17:56:02.766615;1749851762.766615;5.802365;;;;;;;0.133333;0.2;0.1;0.04714;[0.1, 0.2, 0.1];0.233333;0.3;0.2;0.04714;[0.2, 0.3, 0.2];0.433333;0.5;0.4;0.04714;[0.4, 0.5, 0.4];0.333333;0.4;0.3;0.04714;[0.3, 0.4, 0.3];0.133333;0.2;0.1;0.04714;[0.1, 0.2, 0.1];;neurosity_session_20250613_175556;;
2025-06-13T17:56:02.818362;1749851762.818362;5.854112;;;;;;;0.133333;0.2;0.1;0.04714;[0.1, 0.2, 0.1];0.233333;0.3;0.2;0.04714;[0.2, 0.3, 0.2];0.433333;0.5;0.4;0.04714;[0.4, 0.5, 0.4];0.333333;0.4;0.3;0.04714;[0.3, 0.4, 0.3];0.133333;0.2;0.1;0.04714;[0.1, 0.2, 0.1];;neurosity_session_20250613_175556;;
2025-06-13T17:56:02.921583;1749851762.921583;5.957333;;;;;;;0.133333;0.2;0.1;0.04714;[0.1, 0.2, 0.1];0.233333;0.3;0.2;0.04714;[0.2, 0.3, 0.2];0.433333;0.5;0.4;0.04714;[0.4, 0.5, 0.4];0.333333;0.4;0.3;0.04714;[0.3, 0.4, 0.3];0.133333;0.2;0.1;0.04714;[0.1, 0.2, 0.1];;neurosity_session_20250613_175556;;
2025-06-13T17:56:03.024024;1749851763.024024;6.059774;;;;;;;0.133333;0.2;0.1;0.04714;[0.1, 0.2, 0.1];0.233333;0.3;0.2;0.04714;[0.2, 0.3, 0.2];0.433333;0.5;0.4;0.04714;[0.4, 0.5, 0.4];0.333333;0.4;0.3;0.04714;[0.3, 0.4, 0.3];0.133333;0.2;0.1;0.04714;[0.1, 0.2, 0.1];;neurosity_session_20250613_175556;;
2025-06-13T17:56:03.075829;1749851763.075829;6.111579;;;;;;;0.133333;0.2;0.1;0.04714;[0.1, 0.2, 0.1];0.233333;0.3;0.2;0.04714;[0.2, 0.3, 0.2];0.433333;0.5;0.4;0.04714;[0.4, 0.5, 0.4];0.333333;0.4;0.3;0.04714;[0.3, 0.4, 0.3];0.133333;0.2;0.1;0.04714;[0.1, 0.2, 0.1];;neurosity_session_20250613_175556;;
2025-06-13T17:56:03.127910;1749851763.12791;6.16366;;;;;;;0.133333;0.2;0.1;0.04714;[0.1, 0.2, 0.1];0.233333;0.3;0.2;0.04714;[0.2, 0.3, 0.2];0.433333;0.5;0.4;0.04714;[0.4, 0.5, 0.4];0.333333;0.4;0.3;0.04714;[0.3, 0.4, 0.3];0.133333;0.2;0.1;0.04714;[0.1, 0.2, 0.1];;neurosity_session_20250613_175556;;
2025-06-13T17:56:03.229421;1749851763.229421;6.265171;;;;;;;0.133333;0.2;0.1;0.04714;[0.1, 0.2, 0.1];0.233333;0.3;0.2;0.04714;[0.2, 0.3, 0.2];0.433333;0.5;0.4;0.04714;[0.4, 0.5, 0.4];0.333333;0.4;0.3;0.04714;[0.3, 0.4, 0.3];0.133333;0.2;0.1;0.04714;[0.1, 0.2, 0.1];;neurosity_session_20250613_175556;;
2025-06-13T17:56:03.280112;1749851763.280112;6.315862;;;;;;;0.133333;0.2;0.1;0.04714;[0.1, 0.2, 0.1];0.233333;0.3;0.2;0.04714;[0.2, 0.3, 0.2];0.433333;0.5;0.4;0.04714;[0.4, 0.5, 0.4];0.333333;0.4;0.3;0.04714;[0.3, 0.4, 0.3];0.133333;0.2;0.1;0.04714;[0.1, 0.2, 0.1];;neurosity_session_20250613_175556;;
2025-06-13T17:56:03.280957;1749851763.280957;6.316707;;;;;;;0.133333;0.2;0.1;0.04714;[0.1, 0.2, 0.1];0.233333;0.3;0.2;0.04714;[0.2, 0.3, 0.2];0.433333;0.5;0.4;0.04714;[0.4, 0.5, 0.4];0.333333;0.4;0.3;0.04714;[0.3, 0.4, 0.3];0.133333;0.2;0.1;0.04714;[0.1, 0.2, 0.1];;neurosity_session_20250613_175556;;
2025-06-13T17:56:03.434683;1749851763.434683;6.470433;;;;;;;0.133333;0.2;0.1;0.04714;[0.1, 0.2, 0.1];0.233333;0.3;0.2;0.04714;[0.2, 0.3, 0.2];0.433333;0.5;0.4;0.04714;[0.4, 0.5, 0.4];0.333333;0.4;0.3;0.04714;[0.3, 0.4, 0.3];0.133333;0.2;0.1;0.04714;[0.1, 0.2, 0.1];;neurosity_session_20250613_175556;;
2025-06-13T17:56:03.741509;1749851763.741509;6.777259;0.8316220177663468;83.16220177663467;;;;;;;;;;;;;;;;;;;;;;;;;;;;;;;neurosity_session_20250613_175556;;
2025-06-13T17:56:03.743300;1749851763.7433;6.77905;;;0.33938019495339306;33.938019495339304;;;;;;;;;;;;;;;;;;;;;;;;;;;;;neurosity_session_20250613_175556;;
2025-06-13T17:56:03.846983;1749851763.846983;6.882733;;;;;;;0.133333;0.2;0.1;0.04714;[0.1, 0.2, 0.1];0.233333;0.3;0.2;0.04714;[0.2, 0.3, 0.2];0.433333;0.5;0.4;0.04714;[0.4, 0.5, 0.4];0.333333;0.4;0.3;0.04714;[0.3, 0.4, 0.3];0.133333;0.2;0.1;0.04714;[0.1, 0.2, 0.1];;neurosity_session_20250613_175556;;
2025-06-13T17:56:03.898776;1749851763.898776;6.934526;;;;;;;0.133333;0.2;0.1;0.04714;[0.1, 0.2, 0.1];0.233333;0.3;0.2;0.04714;[0.2, 0.3, 0.2];0.433333;0.5;0.4;0.04714;[0.4, 0.5, 0.4];0.333333;0.4;0.3;0.04714;[0.3, 0.4, 0.3];0.133333;0.2;0.1;0.04714;[0.1, 0.2, 0.1];;neurosity_session_20250613_175556;;
2025-06-13T17:56:03.899279;1749851763.899279;6.935029;;;;;;;0.133333;0.2;0.1;0.04714;[0.1, 0.2, 0.1];0.233333;0.3;0.2;0.04714;[0.2, 0.3, 0.2];0.433333;0.5;0.4;0.04714;[0.4, 0.5, 0.4];0.333333;0.4;0.3;0.04714;[0.3, 0.4, 0.3];0.133333;0.2;0.1;0.04714;[0.1, 0.2, 0.1];;neurosity_session_20250613_175556;;
2025-06-13T17:56:03.950145;1749851763.950145;6.985895;;;;;;;0.133333;0.2;0.1;0.04714;[0.1, 0.2, 0.1];0.233333;0.3;0.2;0.04714;[0.2, 0.3, 0.2];0.433333;0.5;0.4;0.04714;[0.4, 0.5, 0.4];0.333333;0.4;0.3;0.04714;[0.3, 0.4, 0.3];0.133333;0.2;0.1;0.04714;[0.1, 0.2, 0.1];;neurosity_session_20250613_175556;;
2025-06-13T17:56:04.000969;1749851764.000969;7.036719;;;;;;;0.133333;0.2;0.1;0.04714;[0.1, 0.2, 0.1];0.233333;0.3;0.2;0.04714;[0.2, 0.3, 0.2];0.433333;0.5;0.4;0.04714;[0.4, 0.5, 0.4];0.333333;0.4;0.3;0.04714;[0.3, 0.4, 0.3];0.133333;0.2;0.1;0.04714;[0.1, 0.2, 0.1];;neurosity_session_20250613_175556;;
2025-06-13T17:56:04.051904;1749851764.051904;7.087654;;;;;;;0.133333;0.2;0.1;0.04714;[0.1, 0.2, 0.1];0.233333;0.3;0.2;0.04714;[0.2, 0.3, 0.2];0.433333;0.5;0.4;0.04714;[0.4, 0.5, 0.4];0.333333;0.4;0.3;0.04714;[0.3, 0.4, 0.3];0.133333;0.2;0.1;0.04714;[0.1, 0.2, 0.1];;neurosity_session_20250613_175556;;
2025-06-13T17:56:04.105792;1749851764.105792;7.141542;;;;;;;0.133333;0.2;0.1;0.04714;[0.1, 0.2, 0.1];0.233333;0.3;0.2;0.04714;[0.2, 0.3, 0.2];0.433333;0.5;0.4;0.04714;[0.4, 0.5, 0.4];0.333333;0.4;0.3;0.04714;[0.3, 0.4, 0.3];0.133333;0.2;0.1;0.04714;[0.1, 0.2, 0.1];;neurosity_session_20250613_175556;;
2025-06-13T17:56:04.156728;1749851764.156728;7.192478;;;;;;;0.133333;0.2;0.1;0.04714;[0.1, 0.2, 0.1];0.233333;0.3;0.2;0.04714;[0.2, 0.3, 0.2];0.433333;0.5;0.4;0.04714;[0.4, 0.5, 0.4];0.333333;0.4;0.3;0.04714;[0.3, 0.4, 0.3];0.133333;0.2;0.1;0.04714;[0.1, 0.2, 0.1];;neurosity_session_20250613_175556;;
2025-06-13T17:56:04.308938;1749851764.308938;7.344688;;;;;;;0.133333;0.2;0.1;0.04714;[0.1, 0.2, 0.1];0.233333;0.3;0.2;0.04714;[0.2, 0.3, 0.2];0.433333;0.5;0.4;0.04714;[0.4, 0.5, 0.4];0.333333;0.4;0.3;0.04714;[0.3, 0.4, 0.3];0.133333;0.2;0.1;0.04714;[0.1, 0.2, 0.1];;neurosity_session_20250613_175556;;
2025-06-13T17:56:04.309622;1749851764.309622;7.345372;;;;;;;0.133333;0.2;0.1;0.04714;[0.1, 0.2, 0.1];0.233333;0.3;0.2;0.04714;[0.2, 0.3, 0.2];0.433333;0.5;0.4;0.04714;[0.4, 0.5, 0.4];0.333333;0.4;0.3;0.04714;[0.3, 0.4, 0.3];0.133333;0.2;0.1;0.04714;[0.1, 0.2, 0.1];;neurosity_session_20250613_175556;;
2025-06-13T17:56:04.361409;1749851764.361409;7.397159;0.8304794291584525;83.04794291584525;;;;;;;;;;;;;;;;;;;;;;;;;;;;;;;neurosity_session_20250613_175556;;
2025-06-13T17:56:04.361754;1749851764.361754;7.397504;;;;;;;0.133333;0.2;0.1;0.04714;[0.1, 0.2, 0.1];0.233333;0.3;0.2;0.04714;[0.2, 0.3, 0.2];0.433333;0.5;0.4;0.04714;[0.4, 0.5, 0.4];0.333333;0.4;0.3;0.04714;[0.3, 0.4, 0.3];0.133333;0.2;0.1;0.04714;[0.1, 0.2, 0.1];;neurosity_session_20250613_175556;;
2025-06-13T17:56:04.412486;1749851764.412486;7.448236;;;;;;;0.133333;0.2;0.1;0.04714;[0.1, 0.2, 0.1];0.233333;0.3;0.2;0.04714;[0.2, 0.3, 0.2];0.433333;0.5;0.4;0.04714;[0.4, 0.5, 0.4];0.333333;0.4;0.3;0.04714;[0.3, 0.4, 0.3];0.133333;0.2;0.1;0.04714;[0.1, 0.2, 0.1];;neurosity_session_20250613_175556;;
2025-06-13T17:56:04.463690;1749851764.46369;7.49944;;;;;;;0.133333;0.2;0.1;0.04714;[0.1, 0.2, 0.1];0.233333;0.3;0.2;0.04714;[0.2, 0.3, 0.2];0.433333;0.5;0.4;0.04714;[0.4, 0.5, 0.4];0.333333;0.4;0.3;0.04714;[0.3, 0.4, 0.3];0.133333;0.2;0.1;0.04714;[0.1, 0.2, 0.1];;neurosity_session_20250613_175556;;
2025-06-13T17:56:04.514736;1749851764.514736;7.550486;;;;;;;0.133333;0.2;0.1;0.04714;[0.1, 0.2, 0.1];0.233333;0.3;0.2;0.04714;[0.2, 0.3, 0.2];0.433333;0.5;0.4;0.04714;[0.4, 0.5, 0.4];0.333333;0.4;0.3;0.04714;[0.3, 0.4, 0.3];0.133333;0.2;0.1;0.04714;[0.1, 0.2, 0.1];;neurosity_session_20250613_175556;;
2025-06-13T17:56:04.515059;1749851764.515059;7.550809;;;0.39532255130652816;39.532255130652814;;;;;;;;;;;;;;;;;;;;;;;;;;;;;neurosity_session_20250613_175556;;
2025-06-13T17:56:04.566153;1749851764.566153;7.601903;;;;;;;0.133333;0.2;0.1;0.04714;[0.1, 0.2, 0.1];0.233333;0.3;0.2;0.04714;[0.2, 0.3, 0.2];0.433333;0.5;0.4;0.04714;[0.4, 0.5, 0.4];0.333333;0.4;0.3;0.04714;[0.3, 0.4, 0.3];0.133333;0.2;0.1;0.04714;[0.1, 0.2, 0.1];;neurosity_session_20250613_175556;;
2025-06-13T17:56:04.617077;1749851764.617077;7.652827;;;;;;;0.133333;0.2;0.1;0.04714;[0.1, 0.2, 0.1];0.233333;0.3;0.2;0.04714;[0.2, 0.3, 0.2];0.433333;0.5;0.4;0.04714;[0.4, 0.5, 0.4];0.333333;0.4;0.3;0.04714;[0.3, 0.4, 0.3];0.133333;0.2;0.1;0.04714;[0.1, 0.2, 0.1];;neurosity_session_20250613_175556;;
2025-06-13T17:56:04.617706;1749851764.617706;7.653456;;;;;;;0.133333;0.2;0.1;0.04714;[0.1, 0.2, 0.1];0.233333;0.3;0.2;0.04714;[0.2, 0.3, 0.2];0.433333;0.5;0.4;0.04714;[0.4, 0.5, 0.4];0.333333;0.4;0.3;0.04714;[0.3, 0.4, 0.3];0.133333;0.2;0.1;0.04714;[0.1, 0.2, 0.1];;neurosity_session_20250613_175556;;
2025-06-13T17:56:04.668574;1749851764.668574;7.704324;;;;;;;0.133333;0.2;0.1;0.04714;[0.1, 0.2, 0.1];0.233333;0.3;0.2;0.04714;[0.2, 0.3, 0.2];0.433333;0.5;0.4;0.04714;[0.4, 0.5, 0.4];0.333333;0.4;0.3;0.04714;[0.3, 0.4, 0.3];0.133333;0.2;0.1;0.04714;[0.1, 0.2, 0.1];;neurosity_session_20250613_175556;;
2025-06-13T17:56:04.720109;1749851764.720109;7.755859;;;;;;;0.133333;0.2;0.1;0.04714;[0.1, 0.2, 0.1];0.233333;0.3;0.2;0.04714;[0.2, 0.3, 0.2];0.433333;0.5;0.4;0.04714;[0.4, 0.5, 0.4];0.333333;0.4;0.3;0.04714;[0.3, 0.4, 0.3];0.133333;0.2;0.1;0.04714;[0.1, 0.2, 0.1];;neurosity_session_20250613_175556;;
2025-06-13T17:56:04.720589;1749851764.720589;7.756339;;;;;;;0.133333;0.2;0.1;0.04714;[0.1, 0.2, 0.1];0.233333;0.3;0.2;0.04714;[0.2, 0.3, 0.2];0.433333;0.5;0.4;0.04714;[0.4, 0.5, 0.4];0.333333;0.4;0.3;0.04714;[0.3, 0.4, 0.3];0.133333;0.2;0.1;0.04714;[0.1, 0.2, 0.1];;neurosity_session_20250613_175556;;
2025-06-13T17:56:04.771842;1749851764.771842;7.807592;;;;;;;0.133333;0.2;0.1;0.04714;[0.1, 0.2, 0.1];0.233333;0.3;0.2;0.04714;[0.2, 0.3, 0.2];0.433333;0.5;0.4;0.04714;[0.4, 0.5, 0.4];0.333333;0.4;0.3;0.04714;[0.3, 0.4, 0.3];0.133333;0.2;0.1;0.04714;[0.1, 0.2, 0.1];;neurosity_session_20250613_175556;;
2025-06-13T17:56:04.823857;1749851764.823857;7.859607;;;;;;;0.133333;0.2;0.1;0.04714;[0.1, 0.2, 0.1];0.233333;0.3;0.2;0.04714;[0.2, 0.3, 0.2];0.433333;0.5;0.4;0.04714;[0.4, 0.5, 0.4];0.333333;0.4;0.3;0.04714;[0.3, 0.4, 0.3];0.133333;0.2;0.1;0.04714;[0.1, 0.2, 0.1];;neurosity_session_20250613_175556;;
2025-06-13T17:56:04.979254;1749851764.979254;8.015004;;;;;;;0.133333;0.2;0.1;0.04714;[0.1, 0.2, 0.1];0.233333;0.3;0.2;0.04714;[0.2, 0.3, 0.2];0.433333;0.5;0.4;0.04714;[0.4, 0.5, 0.4];0.333333;0.4;0.3;0.04714;[0.3, 0.4, 0.3];0.133333;0.2;0.1;0.04714;[0.1, 0.2, 0.1];;neurosity_session_20250613_175556;;
2025-06-13T17:56:05.082438;1749851765.082438;8.118188;;;;;;;0.133333;0.2;0.1;0.04714;[0.1, 0.2, 0.1];0.233333;0.3;0.2;0.04714;[0.2, 0.3, 0.2];0.433333;0.5;0.4;0.04714;[0.4, 0.5, 0.4];0.333333;0.4;0.3;0.04714;[0.3, 0.4, 0.3];0.133333;0.2;0.1;0.04714;[0.1, 0.2, 0.1];;neurosity_session_20250613_175556;;
2025-06-13T17:56:05.082926;1749851765.082926;8.118676;;;;;;;0.133333;0.2;0.1;0.04714;[0.1, 0.2, 0.1];0.233333;0.3;0.2;0.04714;[0.2, 0.3, 0.2];0.433333;0.5;0.4;0.04714;[0.4, 0.5, 0.4];0.333333;0.4;0.3;0.04714;[0.3, 0.4, 0.3];0.133333;0.2;0.1;0.04714;[0.1, 0.2, 0.1];;neurosity_session_20250613_175556;;
2025-06-13T17:56:05.134294;1749851765.134294;8.170044;;;;;;;0.133333;0.2;0.1;0.04714;[0.1, 0.2, 0.1];0.233333;0.3;0.2;0.04714;[0.2, 0.3, 0.2];0.433333;0.5;0.4;0.04714;[0.4, 0.5, 0.4];0.333333;0.4;0.3;0.04714;[0.3, 0.4, 0.3];0.133333;0.2;0.1;0.04714;[0.1, 0.2, 0.1];;neurosity_session_20250613_175556;;
2025-06-13T17:56:05.185205;1749851765.185205;8.220955;;;;;;;0.133333;0.2;0.1;0.04714;[0.1, 0.2, 0.1];0.233333;0.3;0.2;0.04714;[0.2, 0.3, 0.2];0.433333;0.5;0.4;0.04714;[0.4, 0.5, 0.4];0.333333;0.4;0.3;0.04714;[0.3, 0.4, 0.3];0.133333;0.2;0.1;0.04714;[0.1, 0.2, 0.1];;neurosity_session_20250613_175556;;
2025-06-13T17:56:05.236682;1749851765.236682;8.272432;;;;;;;0.133333;0.2;0.1;0.04714;[0.1, 0.2, 0.1];0.233333;0.3;0.2;0.04714;[0.2, 0.3, 0.2];0.433333;0.5;0.4;0.04714;[0.4, 0.5, 0.4];0.333333;0.4;0.3;0.04714;[0.3, 0.4, 0.3];0.133333;0.2;0.1;0.04714;[0.1, 0.2, 0.1];;neurosity_session_20250613_175556;;
2025-06-13T17:56:05.238335;1749851765.238335;8.274085;;;;;;;0.133333;0.2;0.1;0.04714;[0.1, 0.2, 0.1];0.233333;0.3;0.2;0.04714;[0.2, 0.3, 0.2];0.433333;0.5;0.4;0.04714;[0.4, 0.5, 0.4];0.333333;0.4;0.3;0.04714;[0.3, 0.4, 0.3];0.133333;0.2;0.1;0.04714;[0.1, 0.2, 0.1];;neurosity_session_20250613_175556;;
2025-06-13T17:56:05.289374;1749851765.289374;8.325124;;;;;;;0.133333;0.2;0.1;0.04714;[0.1, 0.2, 0.1];0.233333;0.3;0.2;0.04714;[0.2, 0.3, 0.2];0.433333;0.5;0.4;0.04714;[0.4, 0.5, 0.4];0.333333;0.4;0.3;0.04714;[0.3, 0.4, 0.3];0.133333;0.2;0.1;0.04714;[0.1, 0.2, 0.1];;neurosity_session_20250613_175556;;
2025-06-13T17:56:05.340595;1749851765.340595;8.376345;;;;;;;0.133333;0.2;0.1;0.04714;[0.1, 0.2, 0.1];0.233333;0.3;0.2;0.04714;[0.2, 0.3, 0.2];0.433333;0.5;0.4;0.04714;[0.4, 0.5, 0.4];0.333333;0.4;0.3;0.04714;[0.3, 0.4, 0.3];0.133333;0.2;0.1;0.04714;[0.1, 0.2, 0.1];;neurosity_session_20250613_175556;;
2025-06-13T17:56:05.391954;1749851765.391954;8.427704;0.8213145235441743;82.13145235441743;;;;;;;;;;;;;;;;;;;;;;;;;;;;;;;neurosity_session_20250613_175556;;
2025-06-13T17:56:06.101847;1749851766.101847;9.137597;;;0.45182721121681746;45.182721121681745;;;;;;;;;;;;;;;;;;;;;;;;;;;;;neurosity_session_20250613_175556;;
2025-06-13T17:56:06.306068;1749851766.306068;9.341818;;;;;;;0.133333;0.2;0.1;0.04714;[0.1, 0.2, 0.1];0.233333;0.3;0.2;0.04714;[0.2, 0.3, 0.2];0.433333;0.5;0.4;0.04714;[0.4, 0.5, 0.4];0.333333;0.4;0.3;0.04714;[0.3, 0.4, 0.3];0.133333;0.2;0.1;0.04714;[0.1, 0.2, 0.1];;neurosity_session_20250613_175556;;
2025-06-13T17:56:06.356952;1749851766.356952;9.392702;;;;;;;0.133333;0.2;0.1;0.04714;[0.1, 0.2, 0.1];0.233333;0.3;0.2;0.04714;[0.2, 0.3, 0.2];0.433333;0.5;0.4;0.04714;[0.4, 0.5, 0.4];0.333333;0.4;0.3;0.04714;[0.3, 0.4, 0.3];0.133333;0.2;0.1;0.04714;[0.1, 0.2, 0.1];;neurosity_session_20250613_175556;;
2025-06-13T17:56:06.357416;1749851766.357416;9.393166;;;;;;;0.133333;0.2;0.1;0.04714;[0.1, 0.2, 0.1];0.233333;0.3;0.2;0.04714;[0.2, 0.3, 0.2];0.433333;0.5;0.4;0.04714;[0.4, 0.5, 0.4];0.333333;0.4;0.3;0.04714;[0.3, 0.4, 0.3];0.133333;0.2;0.1;0.04714;[0.1, 0.2, 0.1];;neurosity_session_20250613_175556;;
2025-06-13T17:56:06.408309;1749851766.408309;9.444059;0.7401344472230474;74.01344472230474;;;;;;;;;;;;;;;;;;;;;;;;;;;;;;;neurosity_session_20250613_175556;;
2025-06-13T17:56:06.408989;1749851766.408989;9.444739;;;0.3843899489935759;38.438994899357596;;;;;;;;;;;;;;;;;;;;;;;;;;;;;neurosity_session_20250613_175556;;
2025-06-13T17:56:06.409957;1749851766.409957;9.445707;;;;;;;0.133333;0.2;0.1;0.04714;[0.1, 0.2, 0.1];0.233333;0.3;0.2;0.04714;[0.2, 0.3, 0.2];0.433333;0.5;0.4;0.04714;[0.4, 0.5, 0.4];0.333333;0.4;0.3;0.04714;[0.3, 0.4, 0.3];0.133333;0.2;0.1;0.04714;[0.1, 0.2, 0.1];;neurosity_session_20250613_175556;;
2025-06-13T17:56:06.512963;1749851766.512963;9.548713;;;;;;;0.133333;0.2;0.1;0.04714;[0.1, 0.2, 0.1];0.233333;0.3;0.2;0.04714;[0.2, 0.3, 0.2];0.433333;0.5;0.4;0.04714;[0.4, 0.5, 0.4];0.333333;0.4;0.3;0.04714;[0.3, 0.4, 0.3];0.133333;0.2;0.1;0.04714;[0.1, 0.2, 0.1];;neurosity_session_20250613_175556;;
2025-06-13T17:56:06.513476;1749851766.513476;9.549226;;;;;;;0.133333;0.2;0.1;0.04714;[0.1, 0.2, 0.1];0.233333;0.3;0.2;0.04714;[0.2, 0.3, 0.2];0.433333;0.5;0.4;0.04714;[0.4, 0.5, 0.4];0.333333;0.4;0.3;0.04714;[0.3, 0.4, 0.3];0.133333;0.2;0.1;0.04714;[0.1, 0.2, 0.1];;neurosity_session_20250613_175556;;
2025-06-13T17:56:06.564521;1749851766.564521;9.600271;;;;;;;0.133333;0.2;0.1;0.04714;[0.1, 0.2, 0.1];0.233333;0.3;0.2;0.04714;[0.2, 0.3, 0.2];0.433333;0.5;0.4;0.04714;[0.4, 0.5, 0.4];0.333333;0.4;0.3;0.04714;[0.3, 0.4, 0.3];0.133333;0.2;0.1;0.04714;[0.1, 0.2, 0.1];;neurosity_session_20250613_175556;;
2025-06-13T17:56:06.615673;1749851766.615673;9.651423;;;;;;;0.133333;0.2;0.1;0.04714;[0.1, 0.2, 0.1];0.233333;0.3;0.2;0.04714;[0.2, 0.3, 0.2];0.433333;0.5;0.4;0.04714;[0.4, 0.5, 0.4];0.333333;0.4;0.3;0.04714;[0.3, 0.4, 0.3];0.133333;0.2;0.1;0.04714;[0.1, 0.2, 0.1];;neurosity_session_20250613_175556;;
2025-06-13T17:56:06.666438;1749851766.666438;9.702188;;;;;;;0.133333;0.2;0.1;0.04714;[0.1, 0.2, 0.1];0.233333;0.3;0.2;0.04714;[0.2, 0.3, 0.2];0.433333;0.5;0.4;0.04714;[0.4, 0.5, 0.4];0.333333;0.4;0.3;0.04714;[0.3, 0.4, 0.3];0.133333;0.2;0.1;0.04714;[0.1, 0.2, 0.1];;neurosity_session_20250613_175556;;
2025-06-13T17:56:06.666731;1749851766.666731;9.702481;;;;;;;0.133333;0.2;0.1;0.04714;[0.1, 0.2, 0.1];0.233333;0.3;0.2;0.04714;[0.2, 0.3, 0.2];0.433333;0.5;0.4;0.04714;[0.4, 0.5, 0.4];0.333333;0.4;0.3;0.04714;[0.3, 0.4, 0.3];0.133333;0.2;0.1;0.04714;[0.1, 0.2, 0.1];;neurosity_session_20250613_175556;;
2025-06-13T17:56:06.717551;1749851766.717551;9.753301;;;;;;;0.133333;0.2;0.1;0.04714;[0.1, 0.2, 0.1];0.233333;0.3;0.2;0.04714;[0.2, 0.3, 0.2];0.433333;0.5;0.4;0.04714;[0.4, 0.5, 0.4];0.333333;0.4;0.3;0.04714;[0.3, 0.4, 0.3];0.133333;0.2;0.1;0.04714;[0.1, 0.2, 0.1];;neurosity_session_20250613_175556;;
2025-06-13T17:56:06.768433;1749851766.768433;9.804183;;;;;;;0.133333;0.2;0.1;0.04714;[0.1, 0.2, 0.1];0.233333;0.3;0.2;0.04714;[0.2, 0.3, 0.2];0.433333;0.5;0.4;0.04714;[0.4, 0.5, 0.4];0.333333;0.4;0.3;0.04714;[0.3, 0.4, 0.3];0.133333;0.2;0.1;0.04714;[0.1, 0.2, 0.1];;neurosity_session_20250613_175556;;
2025-06-13T17:56:06.768998;1749851766.768998;9.804748;;;;;;;0.133333;0.2;0.1;0.04714;[0.1, 0.2, 0.1];0.233333;0.3;0.2;0.04714;[0.2, 0.3, 0.2];0.433333;0.5;0.4;0.04714;[0.4, 0.5, 0.4];0.333333;0.4;0.3;0.04714;[0.3, 0.4, 0.3];0.133333;0.2;0.1;0.04714;[0.1, 0.2, 0.1];;neurosity_session_20250613_175556;;
2025-06-13T17:56:06.820094;1749851766.820094;9.855844;;;;;;;0.133333;0.2;0.1;0.04714;[0.1, 0.2, 0.1];0.233333;0.3;0.2;0.04714;[0.2, 0.3, 0.2];0.433333;0.5;0.4;0.04714;[0.4, 0.5, 0.4];0.333333;0.4;0.3;0.04714;[0.3, 0.4, 0.3];0.133333;0.2;0.1;0.04714;[0.1, 0.2, 0.1];;neurosity_session_20250613_175556;;
2025-06-13T17:56:06.871724;1749851766.871724;9.907474;;;;;;;0.133333;0.2;0.1;0.04714;[0.1, 0.2, 0.1];0.233333;0.3;0.2;0.04714;[0.2, 0.3, 0.2];0.433333;0.5;0.4;0.04714;[0.4, 0.5, 0.4];0.333333;0.4;0.3;0.04714;[0.3, 0.4, 0.3];0.133333;0.2;0.1;0.04714;[0.1, 0.2, 0.1];;neurosity_session_20250613_175556;;
2025-06-13T17:56:06.922732;1749851766.922732;9.958482;;;;;;;0.133333;0.2;0.1;0.04714;[0.1, 0.2, 0.1];0.233333;0.3;0.2;0.04714;[0.2, 0.3, 0.2];0.433333;0.5;0.4;0.04714;[0.4, 0.5, 0.4];0.333333;0.4;0.3;0.04714;[0.3, 0.4, 0.3];0.133333;0.2;0.1;0.04714;[0.1, 0.2, 0.1];;neurosity_session_20250613_175556;;
2025-06-13T17:56:06.923112;1749851766.923112;9.958862;;;;;;;0.133333;0.2;0.1;0.04714;[0.1, 0.2, 0.1];0.233333;0.3;0.2;0.04714;[0.2, 0.3, 0.2];0.433333;0.5;0.4;0.04714;[0.4, 0.5, 0.4];0.333333;0.4;0.3;0.04714;[0.3, 0.4, 0.3];0.133333;0.2;0.1;0.04714;[0.1, 0.2, 0.1];;neurosity_session_20250613_175556;;
2025-06-13T17:56:06.973740;1749851766.97374;10.00949;;;;;;;0.133333;0.2;0.1;0.04714;[0.1, 0.2, 0.1];0.233333;0.3;0.2;0.04714;[0.2, 0.3, 0.2];0.433333;0.5;0.4;0.04714;[0.4, 0.5, 0.4];0.333333;0.4;0.3;0.04714;[0.3, 0.4, 0.3];0.133333;0.2;0.1;0.04714;[0.1, 0.2, 0.1];;neurosity_session_20250613_175556;;
2025-06-13T17:56:07.025195;1749851767.025195;10.060945;;;;;;;0.133333;0.2;0.1;0.04714;[0.1, 0.2, 0.1];0.233333;0.3;0.2;0.04714;[0.2, 0.3, 0.2];0.433333;0.5;0.4;0.04714;[0.4, 0.5, 0.4];0.333333;0.4;0.3;0.04714;[0.3, 0.4, 0.3];0.133333;0.2;0.1;0.04714;[0.1, 0.2, 0.1];;neurosity_session_20250613_175556;;
2025-06-13T17:56:07.075985;1749851767.075985;10.111735;;;;;;;0.133333;0.2;0.1;0.04714;[0.1, 0.2, 0.1];0.233333;0.3;0.2;0.04714;[0.2, 0.3, 0.2];0.433333;0.5;0.4;0.04714;[0.4, 0.5, 0.4];0.333333;0.4;0.3;0.04714;[0.3, 0.4, 0.3];0.133333;0.2;0.1;0.04714;[0.1, 0.2, 0.1];;neurosity_session_20250613_175556;;
2025-06-13T17:56:07.126607;1749851767.126607;10.162357;;;;;;;0.133333;0.2;0.1;0.04714;[0.1, 0.2, 0.1];0.233333;0.3;0.2;0.04714;[0.2, 0.3, 0.2];0.433333;0.5;0.4;0.04714;[0.4, 0.5, 0.4];0.333333;0.4;0.3;0.04714;[0.3, 0.4, 0.3];0.133333;0.2;0.1;0.04714;[0.1, 0.2, 0.1];;neurosity_session_20250613_175556;;
2025-06-13T17:56:07.177546;1749851767.177546;10.213296;;;;;;;0.133333;0.2;0.1;0.04714;[0.1, 0.2, 0.1];0.233333;0.3;0.2;0.04714;[0.2, 0.3, 0.2];0.433333;0.5;0.4;0.04714;[0.4, 0.5, 0.4];0.333333;0.4;0.3;0.04714;[0.3, 0.4, 0.3];0.133333;0.2;0.1;0.04714;[0.1, 0.2, 0.1];;neurosity_session_20250613_175556;;
2025-06-13T17:56:07.228788;1749851767.228788;10.264538;;;;;;;0.133333;0.2;0.1;0.04714;[0.1, 0.2, 0.1];0.233333;0.3;0.2;0.04714;[0.2, 0.3, 0.2];0.433333;0.5;0.4;0.04714;[0.4, 0.5, 0.4];0.333333;0.4;0.3;0.04714;[0.3, 0.4, 0.3];0.133333;0.2;0.1;0.04714;[0.1, 0.2, 0.1];;neurosity_session_20250613_175556;;
2025-06-13T17:56:07.229288;1749851767.229288;10.265038;;;;;;;0.133333;0.2;0.1;0.04714;[0.1, 0.2, 0.1];0.233333;0.3;0.2;0.04714;[0.2, 0.3, 0.2];0.433333;0.5;0.4;0.04714;[0.4, 0.5, 0.4];0.333333;0.4;0.3;0.04714;[0.3, 0.4, 0.3];0.133333;0.2;0.1;0.04714;[0.1, 0.2, 0.1];;neurosity_session_20250613_175556;;
2025-06-13T17:56:07.279995;1749851767.279995;10.315745;;;;;;;0.133333;0.2;0.1;0.04714;[0.1, 0.2, 0.1];0.233333;0.3;0.2;0.04714;[0.2, 0.3, 0.2];0.433333;0.5;0.4;0.04714;[0.4, 0.5, 0.4];0.333333;0.4;0.3;0.04714;[0.3, 0.4, 0.3];0.133333;0.2;0.1;0.04714;[0.1, 0.2, 0.1];;neurosity_session_20250613_175556;;
2025-06-13T17:56:07.331100;1749851767.3311;10.36685;;;;;;;0.133333;0.2;0.1;0.04714;[0.1, 0.2, 0.1];0.233333;0.3;0.2;0.04714;[0.2, 0.3, 0.2];0.433333;0.5;0.4;0.04714;[0.4, 0.5, 0.4];0.333333;0.4;0.3;0.04714;[0.3, 0.4, 0.3];0.133333;0.2;0.1;0.04714;[0.1, 0.2, 0.1];;neurosity_session_20250613_175556;;
2025-06-13T17:56:07.382677;1749851767.382677;10.418427;;;0.5158443019816096;51.58443019816096;;;;;;;;;;;;;;;;;;;;;;;;;;;;;neurosity_session_20250613_175556;;
2025-06-13T17:56:07.383351;1749851767.383351;10.419101;0.8138702786064185;81.38702786064185;;;;;;;;;;;;;;;;;;;;;;;;;;;;;;;neurosity_session_20250613_175556;;
2025-06-13T17:56:07.384117;1749851767.384117;10.419867;;;;;;;0.133333;0.2;0.1;0.04714;[0.1, 0.2, 0.1];0.233333;0.3;0.2;0.04714;[0.2, 0.3, 0.2];0.433333;0.5;0.4;0.04714;[0.4, 0.5, 0.4];0.333333;0.4;0.3;0.04714;[0.3, 0.4, 0.3];0.133333;0.2;0.1;0.04714;[0.1, 0.2, 0.1];;neurosity_session_20250613_175556;;
2025-06-13T17:56:07.486800;1749851767.4868;10.52255;;;;;;;0.133333;0.2;0.1;0.04714;[0.1, 0.2, 0.1];0.233333;0.3;0.2;0.04714;[0.2, 0.3, 0.2];0.433333;0.5;0.4;0.04714;[0.4, 0.5, 0.4];0.333333;0.4;0.3;0.04714;[0.3, 0.4, 0.3];0.133333;0.2;0.1;0.04714;[0.1, 0.2, 0.1];;neurosity_session_20250613_175556;;
2025-06-13T17:56:07.537874;1749851767.537874;10.573624;;;;;;;0.133333;0.2;0.1;0.04714;[0.1, 0.2, 0.1];0.233333;0.3;0.2;0.04714;[0.2, 0.3, 0.2];0.433333;0.5;0.4;0.04714;[0.4, 0.5, 0.4];0.333333;0.4;0.3;0.04714;[0.3, 0.4, 0.3];0.133333;0.2;0.1;0.04714;[0.1, 0.2, 0.1];;neurosity_session_20250613_175556;;
2025-06-13T17:56:07.589163;1749851767.589163;10.624913;;;;;;;0.133333;0.2;0.1;0.04714;[0.1, 0.2, 0.1];0.233333;0.3;0.2;0.04714;[0.2, 0.3, 0.2];0.433333;0.5;0.4;0.04714;[0.4, 0.5, 0.4];0.333333;0.4;0.3;0.04714;[0.3, 0.4, 0.3];0.133333;0.2;0.1;0.04714;[0.1, 0.2, 0.1];;neurosity_session_20250613_175556;;
2025-06-13T17:56:07.589494;1749851767.589494;10.625244;;;;;;;0.133333;0.2;0.1;0.04714;[0.1, 0.2, 0.1];0.233333;0.3;0.2;0.04714;[0.2, 0.3, 0.2];0.433333;0.5;0.4;0.04714;[0.4, 0.5, 0.4];0.333333;0.4;0.3;0.04714;[0.3, 0.4, 0.3];0.133333;0.2;0.1;0.04714;[0.1, 0.2, 0.1];;neurosity_session_20250613_175556;;
2025-06-13T17:56:07.640811;1749851767.640811;10.676561;;;;;;;0.133333;0.2;0.1;0.04714;[0.1, 0.2, 0.1];0.233333;0.3;0.2;0.04714;[0.2, 0.3, 0.2];0.433333;0.5;0.4;0.04714;[0.4, 0.5, 0.4];0.333333;0.4;0.3;0.04714;[0.3, 0.4, 0.3];0.133333;0.2;0.1;0.04714;[0.1, 0.2, 0.1];;neurosity_session_20250613_175556;;
2025-06-13T17:56:07.691634;1749851767.691634;10.727384;;;;;;;0.133333;0.2;0.1;0.04714;[0.1, 0.2, 0.1];0.233333;0.3;0.2;0.04714;[0.2, 0.3, 0.2];0.433333;0.5;0.4;0.04714;[0.4, 0.5, 0.4];0.333333;0.4;0.3;0.04714;[0.3, 0.4, 0.3];0.133333;0.2;0.1;0.04714;[0.1, 0.2, 0.1];;neurosity_session_20250613_175556;;
2025-06-13T17:56:07.742769;1749851767.742769;10.778519;;;;;;;0.133333;0.2;0.1;0.04714;[0.1, 0.2, 0.1];0.233333;0.3;0.2;0.04714;[0.2, 0.3, 0.2];0.433333;0.5;0.4;0.04714;[0.4, 0.5, 0.4];0.333333;0.4;0.3;0.04714;[0.3, 0.4, 0.3];0.133333;0.2;0.1;0.04714;[0.1, 0.2, 0.1];;neurosity_session_20250613_175556;;
2025-06-13T17:56:07.793900;1749851767.7939;10.82965;;;;;;;0.133333;0.2;0.1;0.04714;[0.1, 0.2, 0.1];0.233333;0.3;0.2;0.04714;[0.2, 0.3, 0.2];0.433333;0.5;0.4;0.04714;[0.4, 0.5, 0.4];0.333333;0.4;0.3;0.04714;[0.3, 0.4, 0.3];0.133333;0.2;0.1;0.04714;[0.1, 0.2, 0.1];;neurosity_session_20250613_175556;;
2025-06-13T17:56:07.794491;1749851767.794491;10.830241;;;;;;;0.133333;0.2;0.1;0.04714;[0.1, 0.2, 0.1];0.233333;0.3;0.2;0.04714;[0.2, 0.3, 0.2];0.433333;0.5;0.4;0.04714;[0.4, 0.5, 0.4];0.333333;0.4;0.3;0.04714;[0.3, 0.4, 0.3];0.133333;0.2;0.1;0.04714;[0.1, 0.2, 0.1];;neurosity_session_20250613_175556;;
2025-06-13T17:56:07.845862;1749851767.845862;10.881612;;;;;;;0.133333;0.2;0.1;0.04714;[0.1, 0.2, 0.1];0.233333;0.3;0.2;0.04714;[0.2, 0.3, 0.2];0.433333;0.5;0.4;0.04714;[0.4, 0.5, 0.4];0.333333;0.4;0.3;0.04714;[0.3, 0.4, 0.3];0.133333;0.2;0.1;0.04714;[0.1, 0.2, 0.1];;neurosity_session_20250613_175556;;
2025-06-13T17:56:07.896780;1749851767.89678;10.93253;;;;;;;0.133333;0.2;0.1;0.04714;[0.1, 0.2, 0.1];0.233333;0.3;0.2;0.04714;[0.2, 0.3, 0.2];0.433333;0.5;0.4;0.04714;[0.4, 0.5, 0.4];0.333333;0.4;0.3;0.04714;[0.3, 0.4, 0.3];0.133333;0.2;0.1;0.04714;[0.1, 0.2, 0.1];;neurosity_session_20250613_175556;;
2025-06-13T17:56:07.947736;1749851767.947736;10.983486;;;;;;;0.133333;0.2;0.1;0.04714;[0.1, 0.2, 0.1];0.233333;0.3;0.2;0.04714;[0.2, 0.3, 0.2];0.433333;0.5;0.4;0.04714;[0.4, 0.5, 0.4];0.333333;0.4;0.3;0.04714;[0.3, 0.4, 0.3];0.133333;0.2;0.1;0.04714;[0.1, 0.2, 0.1];;neurosity_session_20250613_175556;;
2025-06-13T17:56:07.948096;1749851767.948096;10.983846;;;;;;;0.133333;0.2;0.1;0.04714;[0.1, 0.2, 0.1];0.233333;0.3;0.2;0.04714;[0.2, 0.3, 0.2];0.433333;0.5;0.4;0.04714;[0.4, 0.5, 0.4];0.333333;0.4;0.3;0.04714;[0.3, 0.4, 0.3];0.133333;0.2;0.1;0.04714;[0.1, 0.2, 0.1];;neurosity_session_20250613_175556;;
2025-06-13T17:56:07.998719;1749851767.998719;11.034469;;;;;;;0.133333;0.2;0.1;0.04714;[0.1, 0.2, 0.1];0.233333;0.3;0.2;0.04714;[0.2, 0.3, 0.2];0.433333;0.5;0.4;0.04714;[0.4, 0.5, 0.4];0.333333;0.4;0.3;0.04714;[0.3, 0.4, 0.3];0.133333;0.2;0.1;0.04714;[0.1, 0.2, 0.1];;neurosity_session_20250613_175556;;
2025-06-13T17:56:08.049722;1749851768.049722;11.085472;;;;;;;0.133333;0.2;0.1;0.04714;[0.1, 0.2, 0.1];0.233333;0.3;0.2;0.04714;[0.2, 0.3, 0.2];0.433333;0.5;0.4;0.04714;[0.4, 0.5, 0.4];0.333333;0.4;0.3;0.04714;[0.3, 0.4, 0.3];0.133333;0.2;0.1;0.04714;[0.1, 0.2, 0.1];;neurosity_session_20250613_175556;;
2025-06-13T17:56:08.100786;1749851768.100786;11.136536;;;;;;;0.133333;0.2;0.1;0.04714;[0.1, 0.2, 0.1];0.233333;0.3;0.2;0.04714;[0.2, 0.3, 0.2];0.433333;0.5;0.4;0.04714;[0.4, 0.5, 0.4];0.333333;0.4;0.3;0.04714;[0.3, 0.4, 0.3];0.133333;0.2;0.1;0.04714;[0.1, 0.2, 0.1];;neurosity_session_20250613_175556;;
2025-06-13T17:56:08.101246;1749851768.101246;11.136996;;;;;;;0.133333;0.2;0.1;0.04714;[0.1, 0.2, 0.1];0.233333;0.3;0.2;0.04714;[0.2, 0.3, 0.2];0.433333;0.5;0.4;0.04714;[0.4, 0.5, 0.4];0.333333;0.4;0.3;0.04714;[0.3, 0.4, 0.3];0.133333;0.2;0.1;0.04714;[0.1, 0.2, 0.1];;neurosity_session_20250613_175556;;
2025-06-13T17:56:08.151828;1749851768.151828;11.187578;;;;;;;0.133333;0.2;0.1;0.04714;[0.1, 0.2, 0.1];0.233333;0.3;0.2;0.04714;[0.2, 0.3, 0.2];0.433333;0.5;0.4;0.04714;[0.4, 0.5, 0.4];0.333333;0.4;0.3;0.04714;[0.3, 0.4, 0.3];0.133333;0.2;0.1;0.04714;[0.1, 0.2, 0.1];;neurosity_session_20250613_175556;;
2025-06-13T17:56:08.202966;1749851768.202966;11.238716;;;;;;;0.133333;0.2;0.1;0.04714;[0.1, 0.2, 0.1];0.233333;0.3;0.2;0.04714;[0.2, 0.3, 0.2];0.433333;0.5;0.4;0.04714;[0.4, 0.5, 0.4];0.333333;0.4;0.3;0.04714;[0.3, 0.4, 0.3];0.133333;0.2;0.1;0.04714;[0.1, 0.2, 0.1];;neurosity_session_20250613_175556;;
2025-06-13T17:56:08.254157;1749851768.254157;11.289907;;;;;;;0.133333;0.2;0.1;0.04714;[0.1, 0.2, 0.1];0.233333;0.3;0.2;0.04714;[0.2, 0.3, 0.2];0.433333;0.5;0.4;0.04714;[0.4, 0.5, 0.4];0.333333;0.4;0.3;0.04714;[0.3, 0.4, 0.3];0.133333;0.2;0.1;0.04714;[0.1, 0.2, 0.1];;neurosity_session_20250613_175556;;
2025-06-13T17:56:08.406865;1749851768.406865;11.442615;0.8900952350841722;89.00952350841722;;;;;;;;;;;;;;;;;;;;;;;;;;;;;;;neurosity_session_20250613_175556;;
2025-06-13T17:56:08.457778;1749851768.457778;11.493528;;;0.4623301233260609;46.23301233260609;;;;;;;;;;;;;;;;;;;;;;;;;;;;;neurosity_session_20250613_175556;;
2025-06-13T17:56:08.509426;1749851768.509426;11.545176;;;;;;;0.133333;0.2;0.1;0.04714;[0.1, 0.2, 0.1];0.233333;0.3;0.2;0.04714;[0.2, 0.3, 0.2];0.433333;0.5;0.4;0.04714;[0.4, 0.5, 0.4];0.333333;0.4;0.3;0.04714;[0.3, 0.4, 0.3];0.133333;0.2;0.1;0.04714;[0.1, 0.2, 0.1];;neurosity_session_20250613_175556;;
2025-06-13T17:56:08.662574;1749851768.662574;11.698324;;;;;;;0.133333;0.2;0.1;0.04714;[0.1, 0.2, 0.1];0.233333;0.3;0.2;0.04714;[0.2, 0.3, 0.2];0.433333;0.5;0.4;0.04714;[0.4, 0.5, 0.4];0.333333;0.4;0.3;0.04714;[0.3, 0.4, 0.3];0.133333;0.2;0.1;0.04714;[0.1, 0.2, 0.1];;neurosity_session_20250613_175556;;
2025-06-13T17:56:08.663111;1749851768.663111;11.698861;;;;;;;0.133333;0.2;0.1;0.04714;[0.1, 0.2, 0.1];0.233333;0.3;0.2;0.04714;[0.2, 0.3, 0.2];0.433333;0.5;0.4;0.04714;[0.4, 0.5, 0.4];0.333333;0.4;0.3;0.04714;[0.3, 0.4, 0.3];0.133333;0.2;0.1;0.04714;[0.1, 0.2, 0.1];;neurosity_session_20250613_175556;;
2025-06-13T17:56:08.714038;1749851768.714038;11.749788;;;;;;;0.133333;0.2;0.1;0.04714;[0.1, 0.2, 0.1];0.233333;0.3;0.2;0.04714;[0.2, 0.3, 0.2];0.433333;0.5;0.4;0.04714;[0.4, 0.5, 0.4];0.333333;0.4;0.3;0.04714;[0.3, 0.4, 0.3];0.133333;0.2;0.1;0.04714;[0.1, 0.2, 0.1];;neurosity_session_20250613_175556;;
2025-06-13T17:56:08.765675;1749851768.765675;11.801425;;;;;;;0.133333;0.2;0.1;0.04714;[0.1, 0.2, 0.1];0.233333;0.3;0.2;0.04714;[0.2, 0.3, 0.2];0.433333;0.5;0.4;0.04714;[0.4, 0.5, 0.4];0.333333;0.4;0.3;0.04714;[0.3, 0.4, 0.3];0.133333;0.2;0.1;0.04714;[0.1, 0.2, 0.1];;neurosity_session_20250613_175556;;
2025-06-13T17:56:08.817642;1749851768.817642;11.853392;;;;;;;0.133333;0.2;0.1;0.04714;[0.1, 0.2, 0.1];0.233333;0.3;0.2;0.04714;[0.2, 0.3, 0.2];0.433333;0.5;0.4;0.04714;[0.4, 0.5, 0.4];0.333333;0.4;0.3;0.04714;[0.3, 0.4, 0.3];0.133333;0.2;0.1;0.04714;[0.1, 0.2, 0.1];;neurosity_session_20250613_175556;;
2025-06-13T17:56:08.868825;1749851768.868825;11.904575;;;;;;;0.133333;0.2;0.1;0.04714;[0.1, 0.2, 0.1];0.233333;0.3;0.2;0.04714;[0.2, 0.3, 0.2];0.433333;0.5;0.4;0.04714;[0.4, 0.5, 0.4];0.333333;0.4;0.3;0.04714;[0.3, 0.4, 0.3];0.133333;0.2;0.1;0.04714;[0.1, 0.2, 0.1];;neurosity_session_20250613_175556;;
2025-06-13T17:56:08.869182;1749851768.869182;11.904932;;;;;;;0.133333;0.2;0.1;0.04714;[0.1, 0.2, 0.1];0.233333;0.3;0.2;0.04714;[0.2, 0.3, 0.2];0.433333;0.5;0.4;0.04714;[0.4, 0.5, 0.4];0.333333;0.4;0.3;0.04714;[0.3, 0.4, 0.3];0.133333;0.2;0.1;0.04714;[0.1, 0.2, 0.1];;neurosity_session_20250613_175556;;
2025-06-13T17:56:08.920376;1749851768.920376;11.956126;;;;;;;0.133333;0.2;0.1;0.04714;[0.1, 0.2, 0.1];0.233333;0.3;0.2;0.04714;[0.2, 0.3, 0.2];0.433333;0.5;0.4;0.04714;[0.4, 0.5, 0.4];0.333333;0.4;0.3;0.04714;[0.3, 0.4, 0.3];0.133333;0.2;0.1;0.04714;[0.1, 0.2, 0.1];;neurosity_session_20250613_175556;;
2025-06-13T17:56:08.971063;1749851768.971063;12.006813;;;;;;;0.133333;0.2;0.1;0.04714;[0.1, 0.2, 0.1];0.233333;0.3;0.2;0.04714;[0.2, 0.3, 0.2];0.433333;0.5;0.4;0.04714;[0.4, 0.5, 0.4];0.333333;0.4;0.3;0.04714;[0.3, 0.4, 0.3];0.133333;0.2;0.1;0.04714;[0.1, 0.2, 0.1];;neurosity_session_20250613_175556;;
2025-06-13T17:56:09.022155;1749851769.022155;12.057905;;;;;;;0.133333;0.2;0.1;0.04714;[0.1, 0.2, 0.1];0.233333;0.3;0.2;0.04714;[0.2, 0.3, 0.2];0.433333;0.5;0.4;0.04714;[0.4, 0.5, 0.4];0.333333;0.4;0.3;0.04714;[0.3, 0.4, 0.3];0.133333;0.2;0.1;0.04714;[0.1, 0.2, 0.1];;neurosity_session_20250613_175556;;
2025-06-13T17:56:09.022548;1749851769.022548;12.058298;;;;;;;0.133333;0.2;0.1;0.04714;[0.1, 0.2, 0.1];0.233333;0.3;0.2;0.04714;[0.2, 0.3, 0.2];0.433333;0.5;0.4;0.04714;[0.4, 0.5, 0.4];0.333333;0.4;0.3;0.04714;[0.3, 0.4, 0.3];0.133333;0.2;0.1;0.04714;[0.1, 0.2, 0.1];;neurosity_session_20250613_175556;;
2025-06-13T17:56:09.123835;1749851769.123835;12.159585;;;;;;;0.133333;0.2;0.1;0.04714;[0.1, 0.2, 0.1];0.233333;0.3;0.2;0.04714;[0.2, 0.3, 0.2];0.433333;0.5;0.4;0.04714;[0.4, 0.5, 0.4];0.333333;0.4;0.3;0.04714;[0.3, 0.4, 0.3];0.133333;0.2;0.1;0.04714;[0.1, 0.2, 0.1];;neurosity_session_20250613_175556;;
2025-06-13T17:56:09.124333;1749851769.124333;12.160083;;;;;;;0.133333;0.2;0.1;0.04714;[0.1, 0.2, 0.1];0.233333;0.3;0.2;0.04714;[0.2, 0.3, 0.2];0.433333;0.5;0.4;0.04714;[0.4, 0.5, 0.4];0.333333;0.4;0.3;0.04714;[0.3, 0.4, 0.3];0.133333;0.2;0.1;0.04714;[0.1, 0.2, 0.1];;neurosity_session_20250613_175556;;
2025-06-13T17:56:09.175002;1749851769.175002;12.210752;;;;;;;0.133333;0.2;0.1;0.04714;[0.1, 0.2, 0.1];0.233333;0.3;0.2;0.04714;[0.2, 0.3, 0.2];0.433333;0.5;0.4;0.04714;[0.4, 0.5, 0.4];0.333333;0.4;0.3;0.04714;[0.3, 0.4, 0.3];0.133333;0.2;0.1;0.04714;[0.1, 0.2, 0.1];;neurosity_session_20250613_175556;;
2025-06-13T17:56:09.226064;1749851769.226064;12.261814;0.8510846780764448;85.10846780764449;;;;;;;;;;;;;;;;;;;;;;;;;;;;;;;neurosity_session_20250613_175556;;
2025-06-13T17:56:09.330127;1749851769.330127;12.365877;;;0.5350142332373586;53.501423323735864;;;;;;;;;;;;;;;;;;;;;;;;;;;;;neurosity_session_20250613_175556;;
2025-06-13T17:56:09.433070;1749851769.43307;12.46882;;;;;;;0.133333;0.2;0.1;0.04714;[0.1, 0.2, 0.1];0.233333;0.3;0.2;0.04714;[0.2, 0.3, 0.2];0.433333;0.5;0.4;0.04714;[0.4, 0.5, 0.4];0.333333;0.4;0.3;0.04714;[0.3, 0.4, 0.3];0.133333;0.2;0.1;0.04714;[0.1, 0.2, 0.1];;neurosity_session_20250613_175556;;
2025-06-13T17:56:09.484224;1749851769.484224;12.519974;;;;;;;0.133333;0.2;0.1;0.04714;[0.1, 0.2, 0.1];0.233333;0.3;0.2;0.04714;[0.2, 0.3, 0.2];0.433333;0.5;0.4;0.04714;[0.4, 0.5, 0.4];0.333333;0.4;0.3;0.04714;[0.3, 0.4, 0.3];0.133333;0.2;0.1;0.04714;[0.1, 0.2, 0.1];;neurosity_session_20250613_175556;;
2025-06-13T17:56:09.484671;1749851769.484671;12.520421;;;;;;;0.133333;0.2;0.1;0.04714;[0.1, 0.2, 0.1];0.233333;0.3;0.2;0.04714;[0.2, 0.3, 0.2];0.433333;0.5;0.4;0.04714;[0.4, 0.5, 0.4];0.333333;0.4;0.3;0.04714;[0.3, 0.4, 0.3];0.133333;0.2;0.1;0.04714;[0.1, 0.2, 0.1];;neurosity_session_20250613_175556;;
2025-06-13T17:56:09.535728;1749851769.535728;12.571478;;;;;;;0.133333;0.2;0.1;0.04714;[0.1, 0.2, 0.1];0.233333;0.3;0.2;0.04714;[0.2, 0.3, 0.2];0.433333;0.5;0.4;0.04714;[0.4, 0.5, 0.4];0.333333;0.4;0.3;0.04714;[0.3, 0.4, 0.3];0.133333;0.2;0.1;0.04714;[0.1, 0.2, 0.1];;neurosity_session_20250613_175556;;
2025-06-13T17:56:09.587021;1749851769.587021;12.622771;;;;;;;0.133333;0.2;0.1;0.04714;[0.1, 0.2, 0.1];0.233333;0.3;0.2;0.04714;[0.2, 0.3, 0.2];0.433333;0.5;0.4;0.04714;[0.4, 0.5, 0.4];0.333333;0.4;0.3;0.04714;[0.3, 0.4, 0.3];0.133333;0.2;0.1;0.04714;[0.1, 0.2, 0.1];;neurosity_session_20250613_175556;;
2025-06-13T17:56:09.637839;1749851769.637839;12.673589;;;;;;;0.133333;0.2;0.1;0.04714;[0.1, 0.2, 0.1];0.233333;0.3;0.2;0.04714;[0.2, 0.3, 0.2];0.433333;0.5;0.4;0.04714;[0.4, 0.5, 0.4];0.333333;0.4;0.3;0.04714;[0.3, 0.4, 0.3];0.133333;0.2;0.1;0.04714;[0.1, 0.2, 0.1];;neurosity_session_20250613_175556;;
2025-06-13T17:56:09.688898;1749851769.688898;12.724648;;;;;;;0.133333;0.2;0.1;0.04714;[0.1, 0.2, 0.1];0.233333;0.3;0.2;0.04714;[0.2, 0.3, 0.2];0.433333;0.5;0.4;0.04714;[0.4, 0.5, 0.4];0.333333;0.4;0.3;0.04714;[0.3, 0.4, 0.3];0.133333;0.2;0.1;0.04714;[0.1, 0.2, 0.1];;neurosity_session_20250613_175556;;
2025-06-13T17:56:09.740085;1749851769.740085;12.775835;;;;;;;0.133333;0.2;0.1;0.04714;[0.1, 0.2, 0.1];0.233333;0.3;0.2;0.04714;[0.2, 0.3, 0.2];0.433333;0.5;0.4;0.04714;[0.4, 0.5, 0.4];0.333333;0.4;0.3;0.04714;[0.3, 0.4, 0.3];0.133333;0.2;0.1;0.04714;[0.1, 0.2, 0.1];;neurosity_session_20250613_175556;;
2025-06-13T17:56:09.842204;1749851769.842204;12.877954;;;;;;;0.133333;0.2;0.1;0.04714;[0.1, 0.2, 0.1];0.233333;0.3;0.2;0.04714;[0.2, 0.3, 0.2];0.433333;0.5;0.4;0.04714;[0.4, 0.5, 0.4];0.333333;0.4;0.3;0.04714;[0.3, 0.4, 0.3];0.133333;0.2;0.1;0.04714;[0.1, 0.2, 0.1];;neurosity_session_20250613_175556;;
2025-06-13T17:56:09.894444;1749851769.894444;12.930194;;;;;;;0.133333;0.2;0.1;0.04714;[0.1, 0.2, 0.1];0.233333;0.3;0.2;0.04714;[0.2, 0.3, 0.2];0.433333;0.5;0.4;0.04714;[0.4, 0.5, 0.4];0.333333;0.4;0.3;0.04714;[0.3, 0.4, 0.3];0.133333;0.2;0.1;0.04714;[0.1, 0.2, 0.1];;neurosity_session_20250613_175556;;
2025-06-13T17:56:09.945446;1749851769.945446;12.981196;;;;;;;0.133333;0.2;0.1;0.04714;[0.1, 0.2, 0.1];0.233333;0.3;0.2;0.04714;[0.2, 0.3, 0.2];0.433333;0.5;0.4;0.04714;[0.4, 0.5, 0.4];0.333333;0.4;0.3;0.04714;[0.3, 0.4, 0.3];0.133333;0.2;0.1;0.04714;[0.1, 0.2, 0.1];;neurosity_session_20250613_175556;;
2025-06-13T17:56:09.945793;1749851769.945793;12.981543;;;;;;;0.133333;0.2;0.1;0.04714;[0.1, 0.2, 0.1];0.233333;0.3;0.2;0.04714;[0.2, 0.3, 0.2];0.433333;0.5;0.4;0.04714;[0.4, 0.5, 0.4];0.333333;0.4;0.3;0.04714;[0.3, 0.4, 0.3];0.133333;0.2;0.1;0.04714;[0.1, 0.2, 0.1];;neurosity_session_20250613_175556;;
2025-06-13T17:56:09.996924;1749851769.996924;13.032674;;;;;;;0.133333;0.2;0.1;0.04714;[0.1, 0.2, 0.1];0.233333;0.3;0.2;0.04714;[0.2, 0.3, 0.2];0.433333;0.5;0.4;0.04714;[0.4, 0.5, 0.4];0.333333;0.4;0.3;0.04714;[0.3, 0.4, 0.3];0.133333;0.2;0.1;0.04714;[0.1, 0.2, 0.1];;neurosity_session_20250613_175556;;
2025-06-13T17:56:10.048051;1749851770.048051;13.083801;;;;;;;0.133333;0.2;0.1;0.04714;[0.1, 0.2, 0.1];0.233333;0.3;0.2;0.04714;[0.2, 0.3, 0.2];0.433333;0.5;0.4;0.04714;[0.4, 0.5, 0.4];0.333333;0.4;0.3;0.04714;[0.3, 0.4, 0.3];0.133333;0.2;0.1;0.04714;[0.1, 0.2, 0.1];;neurosity_session_20250613_175556;;
2025-06-13T17:56:10.048550;1749851770.04855;13.0843;;;;;;;0.133333;0.2;0.1;0.04714;[0.1, 0.2, 0.1];0.233333;0.3;0.2;0.04714;[0.2, 0.3, 0.2];0.433333;0.5;0.4;0.04714;[0.4, 0.5, 0.4];0.333333;0.4;0.3;0.04714;[0.3, 0.4, 0.3];0.133333;0.2;0.1;0.04714;[0.1, 0.2, 0.1];;neurosity_session_20250613_175556;;
2025-06-13T17:56:10.149517;1749851770.149517;13.185267;;;;;;;0.133333;0.2;0.1;0.04714;[0.1, 0.2, 0.1];0.233333;0.3;0.2;0.04714;[0.2, 0.3, 0.2];0.433333;0.5;0.4;0.04714;[0.4, 0.5, 0.4];0.333333;0.4;0.3;0.04714;[0.3, 0.4, 0.3];0.133333;0.2;0.1;0.04714;[0.1, 0.2, 0.1];;neurosity_session_20250613_175556;;
2025-06-13T17:56:10.300567;1749851770.300567;13.336317;0.8560116959004365;85.60116959004364;;;;;;;;;;;;;;;;;;;;;;;;;;;;;;;neurosity_session_20250613_175556;;
2025-06-13T17:56:10.553945;1749851770.553945;13.589695;;;0.4978479246362559;49.784792463625585;;;;;;;;;;;;;;;;;;;;;;;;;;;;;neurosity_session_20250613_175556;;
2025-06-13T17:56:10.605193;1749851770.605193;13.640943;;;;;;;0.133333;0.2;0.1;0.04714;[0.1, 0.2, 0.1];0.233333;0.3;0.2;0.04714;[0.2, 0.3, 0.2];0.433333;0.5;0.4;0.04714;[0.4, 0.5, 0.4];0.333333;0.4;0.3;0.04714;[0.3, 0.4, 0.3];0.133333;0.2;0.1;0.04714;[0.1, 0.2, 0.1];;neurosity_session_20250613_175556;;
2025-06-13T17:56:10.605804;1749851770.605804;13.641554;;;;;;;0.133333;0.2;0.1;0.04714;[0.1, 0.2, 0.1];0.233333;0.3;0.2;0.04714;[0.2, 0.3, 0.2];0.433333;0.5;0.4;0.04714;[0.4, 0.5, 0.4];0.333333;0.4;0.3;0.04714;[0.3, 0.4, 0.3];0.133333;0.2;0.1;0.04714;[0.1, 0.2, 0.1];;neurosity_session_20250613_175556;;
2025-06-13T17:56:10.656583;1749851770.656583;13.692333;;;;;;;0.133333;0.2;0.1;0.04714;[0.1, 0.2, 0.1];0.233333;0.3;0.2;0.04714;[0.2, 0.3, 0.2];0.433333;0.5;0.4;0.04714;[0.4, 0.5, 0.4];0.333333;0.4;0.3;0.04714;[0.3, 0.4, 0.3];0.133333;0.2;0.1;0.04714;[0.1, 0.2, 0.1];;neurosity_session_20250613_175556;;
2025-06-13T17:56:10.707245;1749851770.707245;13.742995;;;;;;;0.133333;0.2;0.1;0.04714;[0.1, 0.2, 0.1];0.233333;0.3;0.2;0.04714;[0.2, 0.3, 0.2];0.433333;0.5;0.4;0.04714;[0.4, 0.5, 0.4];0.333333;0.4;0.3;0.04714;[0.3, 0.4, 0.3];0.133333;0.2;0.1;0.04714;[0.1, 0.2, 0.1];;neurosity_session_20250613_175556;;
2025-06-13T17:56:10.707907;1749851770.707907;13.743657;;;;;;;0.133333;0.2;0.1;0.04714;[0.1, 0.2, 0.1];0.233333;0.3;0.2;0.04714;[0.2, 0.3, 0.2];0.433333;0.5;0.4;0.04714;[0.4, 0.5, 0.4];0.333333;0.4;0.3;0.04714;[0.3, 0.4, 0.3];0.133333;0.2;0.1;0.04714;[0.1, 0.2, 0.1];;neurosity_session_20250613_175556;;
2025-06-13T17:56:10.758650;1749851770.75865;13.7944;;;;;;;0.133333;0.2;0.1;0.04714;[0.1, 0.2, 0.1];0.233333;0.3;0.2;0.04714;[0.2, 0.3, 0.2];0.433333;0.5;0.4;0.04714;[0.4, 0.5, 0.4];0.333333;0.4;0.3;0.04714;[0.3, 0.4, 0.3];0.133333;0.2;0.1;0.04714;[0.1, 0.2, 0.1];;neurosity_session_20250613_175556;;
2025-06-13T17:56:10.809682;1749851770.809682;13.845432;;;;;;;0.133333;0.2;0.1;0.04714;[0.1, 0.2, 0.1];0.233333;0.3;0.2;0.04714;[0.2, 0.3, 0.2];0.433333;0.5;0.4;0.04714;[0.4, 0.5, 0.4];0.333333;0.4;0.3;0.04714;[0.3, 0.4, 0.3];0.133333;0.2;0.1;0.04714;[0.1, 0.2, 0.1];;neurosity_session_20250613_175556;;
2025-06-13T17:56:10.861285;1749851770.861285;13.897035;;;;;;;0.133333;0.2;0.1;0.04714;[0.1, 0.2, 0.1];0.233333;0.3;0.2;0.04714;[0.2, 0.3, 0.2];0.433333;0.5;0.4;0.04714;[0.4, 0.5, 0.4];0.333333;0.4;0.3;0.04714;[0.3, 0.4, 0.3];0.133333;0.2;0.1;0.04714;[0.1, 0.2, 0.1];;neurosity_session_20250613_175556;;
2025-06-13T17:56:10.964338;1749851770.964338;14.000088;;;;;;;0.133333;0.2;0.1;0.04714;[0.1, 0.2, 0.1];0.233333;0.3;0.2;0.04714;[0.2, 0.3, 0.2];0.433333;0.5;0.4;0.04714;[0.4, 0.5, 0.4];0.333333;0.4;0.3;0.04714;[0.3, 0.4, 0.3];0.133333;0.2;0.1;0.04714;[0.1, 0.2, 0.1];;neurosity_session_20250613_175556;;
2025-06-13T17:56:11.016448;1749851771.016448;14.052198;;;;;;;0.133333;0.2;0.1;0.04714;[0.1, 0.2, 0.1];0.233333;0.3;0.2;0.04714;[0.2, 0.3, 0.2];0.433333;0.5;0.4;0.04714;[0.4, 0.5, 0.4];0.333333;0.4;0.3;0.04714;[0.3, 0.4, 0.3];0.133333;0.2;0.1;0.04714;[0.1, 0.2, 0.1];;neurosity_session_20250613_175556;;
2025-06-13T17:56:11.067376;1749851771.067376;14.103126;;;;;;;0.133333;0.2;0.1;0.04714;[0.1, 0.2, 0.1];0.233333;0.3;0.2;0.04714;[0.2, 0.3, 0.2];0.433333;0.5;0.4;0.04714;[0.4, 0.5, 0.4];0.333333;0.4;0.3;0.04714;[0.3, 0.4, 0.3];0.133333;0.2;0.1;0.04714;[0.1, 0.2, 0.1];;neurosity_session_20250613_175556;;
2025-06-13T17:56:11.118399;1749851771.118399;14.154149;;;;;;;0.133333;0.2;0.1;0.04714;[0.1, 0.2, 0.1];0.233333;0.3;0.2;0.04714;[0.2, 0.3, 0.2];0.433333;0.5;0.4;0.04714;[0.4, 0.5, 0.4];0.333333;0.4;0.3;0.04714;[0.3, 0.4, 0.3];0.133333;0.2;0.1;0.04714;[0.1, 0.2, 0.1];;neurosity_session_20250613_175556;;
2025-06-13T17:56:11.118770;1749851771.11877;14.15452;;;;;;;0.133333;0.2;0.1;0.04714;[0.1, 0.2, 0.1];0.233333;0.3;0.2;0.04714;[0.2, 0.3, 0.2];0.433333;0.5;0.4;0.04714;[0.4, 0.5, 0.4];0.333333;0.4;0.3;0.04714;[0.3, 0.4, 0.3];0.133333;0.2;0.1;0.04714;[0.1, 0.2, 0.1];;neurosity_session_20250613_175556;;
2025-06-13T17:56:11.169465;1749851771.169465;14.205215;;;;;;;0.133333;0.2;0.1;0.04714;[0.1, 0.2, 0.1];0.233333;0.3;0.2;0.04714;[0.2, 0.3, 0.2];0.433333;0.5;0.4;0.04714;[0.4, 0.5, 0.4];0.333333;0.4;0.3;0.04714;[0.3, 0.4, 0.3];0.133333;0.2;0.1;0.04714;[0.1, 0.2, 0.1];;neurosity_session_20250613_175556;;
2025-06-13T17:56:11.220405;1749851771.220405;14.256155;;;;;;;0.133333;0.2;0.1;0.04714;[0.1, 0.2, 0.1];0.233333;0.3;0.2;0.04714;[0.2, 0.3, 0.2];0.433333;0.5;0.4;0.04714;[0.4, 0.5, 0.4];0.333333;0.4;0.3;0.04714;[0.3, 0.4, 0.3];0.133333;0.2;0.1;0.04714;[0.1, 0.2, 0.1];;neurosity_session_20250613_175556;;
2025-06-13T17:56:11.271419;1749851771.271419;14.307169;;;0.39690780524216396;39.69078052421639;;;;;;;;;;;;;;;;;;;;;;;;;;;;;neurosity_session_20250613_175556;;
2025-06-13T17:56:11.322330;1749851771.32233;14.35808;0.9196705783494221;91.96705783494221;;;;;;;;;;;;;;;;;;;;;;;;;;;;;;;neurosity_session_20250613_175556;;
2025-06-13T17:56:11.322481;1749851771.322481;14.358231;;;;;;;0.133333;0.2;0.1;0.04714;[0.1, 0.2, 0.1];0.233333;0.3;0.2;0.04714;[0.2, 0.3, 0.2];0.433333;0.5;0.4;0.04714;[0.4, 0.5, 0.4];0.333333;0.4;0.3;0.04714;[0.3, 0.4, 0.3];0.133333;0.2;0.1;0.04714;[0.1, 0.2, 0.1];;neurosity_session_20250613_175556;;
2025-06-13T17:56:11.373321;1749851771.373321;14.409071;;;;;;;0.133333;0.2;0.1;0.04714;[0.1, 0.2, 0.1];0.233333;0.3;0.2;0.04714;[0.2, 0.3, 0.2];0.433333;0.5;0.4;0.04714;[0.4, 0.5, 0.4];0.333333;0.4;0.3;0.04714;[0.3, 0.4, 0.3];0.133333;0.2;0.1;0.04714;[0.1, 0.2, 0.1];;neurosity_session_20250613_175556;;
2025-06-13T17:56:11.424490;1749851771.42449;14.46024;;;;;;;0.133333;0.2;0.1;0.04714;[0.1, 0.2, 0.1];0.233333;0.3;0.2;0.04714;[0.2, 0.3, 0.2];0.433333;0.5;0.4;0.04714;[0.4, 0.5, 0.4];0.333333;0.4;0.3;0.04714;[0.3, 0.4, 0.3];0.133333;0.2;0.1;0.04714;[0.1, 0.2, 0.1];;neurosity_session_20250613_175556;;
2025-06-13T17:56:11.475346;1749851771.475346;14.511096;;;;;;;0.133333;0.2;0.1;0.04714;[0.1, 0.2, 0.1];0.233333;0.3;0.2;0.04714;[0.2, 0.3, 0.2];0.433333;0.5;0.4;0.04714;[0.4, 0.5, 0.4];0.333333;0.4;0.3;0.04714;[0.3, 0.4, 0.3];0.133333;0.2;0.1;0.04714;[0.1, 0.2, 0.1];;neurosity_session_20250613_175556;;
2025-06-13T17:56:11.526135;1749851771.526135;14.561885;;;;;;;0.133333;0.2;0.1;0.04714;[0.1, 0.2, 0.1];0.233333;0.3;0.2;0.04714;[0.2, 0.3, 0.2];0.433333;0.5;0.4;0.04714;[0.4, 0.5, 0.4];0.333333;0.4;0.3;0.04714;[0.3, 0.4, 0.3];0.133333;0.2;0.1;0.04714;[0.1, 0.2, 0.1];;neurosity_session_20250613_175556;;
2025-06-13T17:56:11.576773;1749851771.576773;14.612523;;;;;;;0.133333;0.2;0.1;0.04714;[0.1, 0.2, 0.1];0.233333;0.3;0.2;0.04714;[0.2, 0.3, 0.2];0.433333;0.5;0.4;0.04714;[0.4, 0.5, 0.4];0.333333;0.4;0.3;0.04714;[0.3, 0.4, 0.3];0.133333;0.2;0.1;0.04714;[0.1, 0.2, 0.1];;neurosity_session_20250613_175556;;
2025-06-13T17:56:11.576991;1749851771.576991;14.612741;;;;;;;0.133333;0.2;0.1;0.04714;[0.1, 0.2, 0.1];0.233333;0.3;0.2;0.04714;[0.2, 0.3, 0.2];0.433333;0.5;0.4;0.04714;[0.4, 0.5, 0.4];0.333333;0.4;0.3;0.04714;[0.3, 0.4, 0.3];0.133333;0.2;0.1;0.04714;[0.1, 0.2, 0.1];;neurosity_session_20250613_175556;;
2025-06-13T17:56:11.779173;1749851771.779173;14.814923;;;;;;;0.133333;0.2;0.1;0.04714;[0.1, 0.2, 0.1];0.233333;0.3;0.2;0.04714;[0.2, 0.3, 0.2];0.433333;0.5;0.4;0.04714;[0.4, 0.5, 0.4];0.333333;0.4;0.3;0.04714;[0.3, 0.4, 0.3];0.133333;0.2;0.1;0.04714;[0.1, 0.2, 0.1];;neurosity_session_20250613_175556;;
2025-06-13T17:56:11.931237;1749851771.931237;14.966987;;;;;;;0.133333;0.2;0.1;0.04714;[0.1, 0.2, 0.1];0.233333;0.3;0.2;0.04714;[0.2, 0.3, 0.2];0.433333;0.5;0.4;0.04714;[0.4, 0.5, 0.4];0.333333;0.4;0.3;0.04714;[0.3, 0.4, 0.3];0.133333;0.2;0.1;0.04714;[0.1, 0.2, 0.1];;neurosity_session_20250613_175556;;
2025-06-13T17:56:12.032682;1749851772.032682;15.068432;;;;;;;0.133333;0.2;0.1;0.04714;[0.1, 0.2, 0.1];0.233333;0.3;0.2;0.04714;[0.2, 0.3, 0.2];0.433333;0.5;0.4;0.04714;[0.4, 0.5, 0.4];0.333333;0.4;0.3;0.04714;[0.3, 0.4, 0.3];0.133333;0.2;0.1;0.04714;[0.1, 0.2, 0.1];;neurosity_session_20250613_175556;;
2025-06-13T17:56:12.033038;1749851772.033038;15.068788;;;;;;;0.133333;0.2;0.1;0.04714;[0.1, 0.2, 0.1];0.233333;0.3;0.2;0.04714;[0.2, 0.3, 0.2];0.433333;0.5;0.4;0.04714;[0.4, 0.5, 0.4];0.333333;0.4;0.3;0.04714;[0.3, 0.4, 0.3];0.133333;0.2;0.1;0.04714;[0.1, 0.2, 0.1];;neurosity_session_20250613_175556;;
2025-06-13T17:56:12.084137;1749851772.084137;15.119887;;;;;;;0.133333;0.2;0.1;0.04714;[0.1, 0.2, 0.1];0.233333;0.3;0.2;0.04714;[0.2, 0.3, 0.2];0.433333;0.5;0.4;0.04714;[0.4, 0.5, 0.4];0.333333;0.4;0.3;0.04714;[0.3, 0.4, 0.3];0.133333;0.2;0.1;0.04714;[0.1, 0.2, 0.1];;neurosity_session_20250613_175556;;
2025-06-13T17:56:12.135372;1749851772.135372;15.171122;;;;;;;0.133333;0.2;0.1;0.04714;[0.1, 0.2, 0.1];0.233333;0.3;0.2;0.04714;[0.2, 0.3, 0.2];0.433333;0.5;0.4;0.04714;[0.4, 0.5, 0.4];0.333333;0.4;0.3;0.04714;[0.3, 0.4, 0.3];0.133333;0.2;0.1;0.04714;[0.1, 0.2, 0.1];;neurosity_session_20250613_175556;;
2025-06-13T17:56:12.187089;1749851772.187089;15.222839;;;;;;;0.133333;0.2;0.1;0.04714;[0.1, 0.2, 0.1];0.233333;0.3;0.2;0.04714;[0.2, 0.3, 0.2];0.433333;0.5;0.4;0.04714;[0.4, 0.5, 0.4];0.333333;0.4;0.3;0.04714;[0.3, 0.4, 0.3];0.133333;0.2;0.1;0.04714;[0.1, 0.2, 0.1];;neurosity_session_20250613_175556;;
2025-06-13T17:56:12.238249;1749851772.238249;15.273999;;;;;;;0.133333;0.2;0.1;0.04714;[0.1, 0.2, 0.1];0.233333;0.3;0.2;0.04714;[0.2, 0.3, 0.2];0.433333;0.5;0.4;0.04714;[0.4, 0.5, 0.4];0.333333;0.4;0.3;0.04714;[0.3, 0.4, 0.3];0.133333;0.2;0.1;0.04714;[0.1, 0.2, 0.1];;neurosity_session_20250613_175556;;
2025-06-13T17:56:12.292505;1749851772.292505;15.328255;;;;;;;0.133333;0.2;0.1;0.04714;[0.1, 0.2, 0.1];0.233333;0.3;0.2;0.04714;[0.2, 0.3, 0.2];0.433333;0.5;0.4;0.04714;[0.4, 0.5, 0.4];0.333333;0.4;0.3;0.04714;[0.3, 0.4, 0.3];0.133333;0.2;0.1;0.04714;[0.1, 0.2, 0.1];;neurosity_session_20250613_175556;;
2025-06-13T17:56:12.293148;1749851772.293148;15.328898;;;0.3410738921868199;34.10738921868199;;;;;;;;;;;;;;;;;;;;;;;;;;;;;neurosity_session_20250613_175556;;
2025-06-13T17:56:12.293508;1749851772.293508;15.329258;0.7634584470210725;76.34584470210724;;;;;;;;;;;;;;;;;;;;;;;;;;;;;;;neurosity_session_20250613_175556;;
2025-06-13T17:56:12.294122;1749851772.294122;15.329872;;;;;;;0.133333;0.2;0.1;0.04714;[0.1, 0.2, 0.1];0.233333;0.3;0.2;0.04714;[0.2, 0.3, 0.2];0.433333;0.5;0.4;0.04714;[0.4, 0.5, 0.4];0.333333;0.4;0.3;0.04714;[0.3, 0.4, 0.3];0.133333;0.2;0.1;0.04714;[0.1, 0.2, 0.1];;neurosity_session_20250613_175556;;
2025-06-13T17:56:12.396137;1749851772.396137;15.431887;;;;;;;0.133333;0.2;0.1;0.04714;[0.1, 0.2, 0.1];0.233333;0.3;0.2;0.04714;[0.2, 0.3, 0.2];0.433333;0.5;0.4;0.04714;[0.4, 0.5, 0.4];0.333333;0.4;0.3;0.04714;[0.3, 0.4, 0.3];0.133333;0.2;0.1;0.04714;[0.1, 0.2, 0.1];;neurosity_session_20250613_175556;;
2025-06-13T17:56:12.396627;1749851772.396627;15.432377;;;;;;;0.133333;0.2;0.1;0.04714;[0.1, 0.2, 0.1];0.233333;0.3;0.2;0.04714;[0.2, 0.3, 0.2];0.433333;0.5;0.4;0.04714;[0.4, 0.5, 0.4];0.333333;0.4;0.3;0.04714;[0.3, 0.4, 0.3];0.133333;0.2;0.1;0.04714;[0.1, 0.2, 0.1];;neurosity_session_20250613_175556;;
2025-06-13T17:56:12.448091;1749851772.448091;15.483841;;;;;;;0.133333;0.2;0.1;0.04714;[0.1, 0.2, 0.1];0.233333;0.3;0.2;0.04714;[0.2, 0.3, 0.2];0.433333;0.5;0.4;0.04714;[0.4, 0.5, 0.4];0.333333;0.4;0.3;0.04714;[0.3, 0.4, 0.3];0.133333;0.2;0.1;0.04714;[0.1, 0.2, 0.1];;neurosity_session_20250613_175556;;
2025-06-13T17:56:12.448317;1749851772.448317;15.484067;;;;;;;0.133333;0.2;0.1;0.04714;[0.1, 0.2, 0.1];0.233333;0.3;0.2;0.04714;[0.2, 0.3, 0.2];0.433333;0.5;0.4;0.04714;[0.4, 0.5, 0.4];0.333333;0.4;0.3;0.04714;[0.3, 0.4, 0.3];0.133333;0.2;0.1;0.04714;[0.1, 0.2, 0.1];;neurosity_session_20250613_175556;;
2025-06-13T17:56:12.549739;1749851772.549739;15.585489;;;;;;;0.133333;0.2;0.1;0.04714;[0.1, 0.2, 0.1];0.233333;0.3;0.2;0.04714;[0.2, 0.3, 0.2];0.433333;0.5;0.4;0.04714;[0.4, 0.5, 0.4];0.333333;0.4;0.3;0.04714;[0.3, 0.4, 0.3];0.133333;0.2;0.1;0.04714;[0.1, 0.2, 0.1];;neurosity_session_20250613_175556;;
2025-06-13T17:56:12.652151;1749851772.652151;15.687901;;;;;;;0.133333;0.2;0.1;0.04714;[0.1, 0.2, 0.1];0.233333;0.3;0.2;0.04714;[0.2, 0.3, 0.2];0.433333;0.5;0.4;0.04714;[0.4, 0.5, 0.4];0.333333;0.4;0.3;0.04714;[0.3, 0.4, 0.3];0.133333;0.2;0.1;0.04714;[0.1, 0.2, 0.1];;neurosity_session_20250613_175556;;
2025-06-13T17:56:12.703526;1749851772.703526;15.739276;;;;;;;0.133333;0.2;0.1;0.04714;[0.1, 0.2, 0.1];0.233333;0.3;0.2;0.04714;[0.2, 0.3, 0.2];0.433333;0.5;0.4;0.04714;[0.4, 0.5, 0.4];0.333333;0.4;0.3;0.04714;[0.3, 0.4, 0.3];0.133333;0.2;0.1;0.04714;[0.1, 0.2, 0.1];;neurosity_session_20250613_175556;;
2025-06-13T17:56:12.754630;1749851772.75463;15.79038;;;;;;;0.133333;0.2;0.1;0.04714;[0.1, 0.2, 0.1];0.233333;0.3;0.2;0.04714;[0.2, 0.3, 0.2];0.433333;0.5;0.4;0.04714;[0.4, 0.5, 0.4];0.333333;0.4;0.3;0.04714;[0.3, 0.4, 0.3];0.133333;0.2;0.1;0.04714;[0.1, 0.2, 0.1];;neurosity_session_20250613_175556;;
2025-06-13T17:56:12.754985;1749851772.754985;15.790735;;;;;;;0.133333;0.2;0.1;0.04714;[0.1, 0.2, 0.1];0.233333;0.3;0.2;0.04714;[0.2, 0.3, 0.2];0.433333;0.5;0.4;0.04714;[0.4, 0.5, 0.4];0.333333;0.4;0.3;0.04714;[0.3, 0.4, 0.3];0.133333;0.2;0.1;0.04714;[0.1, 0.2, 0.1];;neurosity_session_20250613_175556;;
2025-06-13T17:56:12.806055;1749851772.806055;15.841805;;;;;;;0.133333;0.2;0.1;0.04714;[0.1, 0.2, 0.1];0.233333;0.3;0.2;0.04714;[0.2, 0.3, 0.2];0.433333;0.5;0.4;0.04714;[0.4, 0.5, 0.4];0.333333;0.4;0.3;0.04714;[0.3, 0.4, 0.3];0.133333;0.2;0.1;0.04714;[0.1, 0.2, 0.1];;neurosity_session_20250613_175556;;
2025-06-13T17:56:12.857481;1749851772.857481;15.893231;;;;;;;0.133333;0.2;0.1;0.04714;[0.1, 0.2, 0.1];0.233333;0.3;0.2;0.04714;[0.2, 0.3, 0.2];0.433333;0.5;0.4;0.04714;[0.4, 0.5, 0.4];0.333333;0.4;0.3;0.04714;[0.3, 0.4, 0.3];0.133333;0.2;0.1;0.04714;[0.1, 0.2, 0.1];;neurosity_session_20250613_175556;;
2025-06-13T17:56:12.908424;1749851772.908424;15.944174;;;;;;;0.133333;0.2;0.1;0.04714;[0.1, 0.2, 0.1];0.233333;0.3;0.2;0.04714;[0.2, 0.3, 0.2];0.433333;0.5;0.4;0.04714;[0.4, 0.5, 0.4];0.333333;0.4;0.3;0.04714;[0.3, 0.4, 0.3];0.133333;0.2;0.1;0.04714;[0.1, 0.2, 0.1];;neurosity_session_20250613_175556;;
2025-06-13T17:56:12.960530;1749851772.96053;15.99628;;;;;;;0.133333;0.2;0.1;0.04714;[0.1, 0.2, 0.1];0.233333;0.3;0.2;0.04714;[0.2, 0.3, 0.2];0.433333;0.5;0.4;0.04714;[0.4, 0.5, 0.4];0.333333;0.4;0.3;0.04714;[0.3, 0.4, 0.3];0.133333;0.2;0.1;0.04714;[0.1, 0.2, 0.1];;neurosity_session_20250613_175556;;
2025-06-13T17:56:13.063050;1749851773.06305;16.0988;;;;;;;0.133333;0.2;0.1;0.04714;[0.1, 0.2, 0.1];0.233333;0.3;0.2;0.04714;[0.2, 0.3, 0.2];0.433333;0.5;0.4;0.04714;[0.4, 0.5, 0.4];0.333333;0.4;0.3;0.04714;[0.3, 0.4, 0.3];0.133333;0.2;0.1;0.04714;[0.1, 0.2, 0.1];;neurosity_session_20250613_175556;;
2025-06-13T17:56:13.113779;1749851773.113779;16.149529;;;;;;;0.133333;0.2;0.1;0.04714;[0.1, 0.2, 0.1];0.233333;0.3;0.2;0.04714;[0.2, 0.3, 0.2];0.433333;0.5;0.4;0.04714;[0.4, 0.5, 0.4];0.333333;0.4;0.3;0.04714;[0.3, 0.4, 0.3];0.133333;0.2;0.1;0.04714;[0.1, 0.2, 0.1];;neurosity_session_20250613_175556;;
2025-06-13T17:56:13.267604;1749851773.267604;16.303354;0.8648144471909254;86.48144471909254;;;;;;;;;;;;;;;;;;;;;;;;;;;;;;;neurosity_session_20250613_175556;;
2025-06-13T17:56:13.268511;1749851773.268511;16.304261;;;0.36985451164345906;36.9854511643459;;;;;;;;;;;;;;;;;;;;;;;;;;;;;neurosity_session_20250613_175556;;
