timestamp;session_duration;calm_probability;calm_percentage;focus_probability;focus_percentage;attention_probability;attention_percentage;delta_avg;delta_max;delta_min;delta_std;delta_raw;theta_avg;theta_max;theta_min;theta_std;theta_raw;alpha_avg;alpha_max;alpha_min;alpha_std;alpha_raw;beta_avg;beta_max;beta_min;beta_std;beta_raw;gamma_avg;gamma_max;gamma_min;gamma_std;gamma_raw
2025-06-13T15:14:49.569523;0.05481;0.3340833608123319;33.408336081233195;;;;;;;;;;;;;;;;;;;;;;;;;;;;;
2025-06-13T15:14:49.570422;0.055709;;;0.5326701627059942;53.26701627059942;;;;;;;;;;;;;;;;;;;;;;;;;;;
2025-06-13T15:14:49.623223;0.10851;;;;;;;0.118113;0.156498;0.085319;0.029327;[0.08531892041525145, 0.1564982691131993, 0.11252278679869826];0.227629;0.258393;0.194709;0.026044;[0.19470865542855395, 0.25839342276107174, 0.22978360658709054];0.416174;0.461444;0.381377;0.033516;[0.38137711248668366, 0.4614443388776637, 0.40570169821639074];0.32349;0.350224;0.284903;0.027954;[0.2849025679760709, 0.35022390719674085, 0.3353449206233232];0.098723;0.113028;0.083711;0.011979;[0.08371133366694314, 0.11302751176118184, 0.09942914889352278]
2025-06-13T15:14:49.674656;0.159943;;;;;;;0.126384;0.155559;0.103126;0.021811;[0.10312595996539302, 0.15555947395206468, 0.12046620938047149];0.225121;0.257521;0.201745;0.023648;[0.20174507860597884, 0.2575213486444589, 0.21609636804467275];0.426443;0.431761;0.417235;0.006537;[0.4172352312669276, 0.4317614770966273, 0.4303317098162039];0.318791;0.334056;0.309446;0.010884;[0.3094455041239657, 0.3340559161500559, 0.31287237510743154];0.109241;0.129104;0.087156;0.017197;[0.08715556911531397, 0.12910358531474916, 0.11146467337659541]
2025-06-13T15:14:49.675456;0.160743;;;;;;;0.121286;0.141032;0.090033;0.022354;[0.09003263017520748, 0.14103179004873936, 0.13279387946547072];0.222092;0.264615;0.200152;0.030073;[0.2001524226075016, 0.2646148544942921, 0.2015093561092548];0.427262;0.45326;0.391905;0.025907;[0.39190526960895866, 0.4532598846193201, 0.4366204284247635];0.311085;0.332688;0.289668;0.017563;[0.2896683793165662, 0.3326877847990304, 0.31089809582327127];0.109722;0.116082;0.100647;0.006587;[0.11243787446723193, 0.11608178177096268, 0.10064715103101862]
2025-06-13T15:14:49.726457;0.211744;;;;;;;0.128942;0.164463;0.090982;0.030048;[0.09098210834641038, 0.16446328316435557, 0.13138089522251764];0.218573;0.245846;0.197657;0.02018;[0.1976567446954119, 0.24584606312193244, 0.21221690024946172];0.418812;0.441007;0.393592;0.019475;[0.3935920017095881, 0.44100683254309353, 0.4218359381757252];0.325009;0.364255;0.285121;0.032309;[0.28512102592817834, 0.3642549856469758, 0.32565120728645525];0.11768;0.132273;0.093268;0.017372;[0.09326760647320242, 0.13227330349216962, 0.1274986662754647]
2025-06-13T15:14:49.827871;0.313158;;;;;;;0.122868;0.131548;0.106614;0.011502;[0.10661444470225512, 0.13154764638098207, 0.13044305974627918];0.223299;0.242207;0.190455;0.023313;[0.19045475861132702, 0.24220679510672413, 0.23723564009946227];0.42227;0.468221;0.388984;0.033565;[0.38898439078488645, 0.46822088583416355, 0.409605862032497];0.323241;0.36828;0.292368;0.03257;[0.2923682090040674, 0.36827985040667416, 0.3090736508599214];0.105976;0.122865;0.093582;0.01237;[0.09358165460979483, 0.12286537567926481, 0.1014819317068215]
2025-06-13T15:14:49.878841;0.364128;;;;;;;0.122856;0.135027;0.109022;0.010682;[0.10902152257442718, 0.13502736911508642, 0.12451883710125763];0.223372;0.237816;0.215726;0.010219;[0.21657319110862885, 0.23781568517664192, 0.21572583100778994];0.424471;0.432724;0.417348;0.006328;[0.4173479675242112, 0.4327244090192046, 0.423341305959666];0.314482;0.344978;0.294376;0.021926;[0.2943756922664183, 0.34497832184981275, 0.30409281961820384];0.105925;0.128437;0.082562;0.018738;[0.08256150481871516, 0.12843665352138212, 0.10677607360692633]
2025-06-13T15:14:49.879335;0.364622;;;;;;;0.123143;0.145112;0.094659;0.021106;[0.09465945651133068, 0.14511157243900047, 0.12965649340897697];0.221392;0.259;0.201325;0.026613;[0.20132542603249187, 0.2590002252126245, 0.20385007632154334];0.420091;0.462949;0.389688;0.031179;[0.3896880361907893, 0.4629492555218643, 0.4076345648706317];0.326146;0.338595;0.316003;0.009366;[0.31600297470152405, 0.3385948785848632, 0.32384105853950146];0.106597;0.111754;0.098844;0.005581;[0.10919239056454196, 0.11175445203868159, 0.09884425317252885]
2025-06-13T15:14:49.930426;0.415713;;;;;;;0.126143;0.145484;0.113582;0.013879;[0.11358168982415548, 0.14548436297091813, 0.11936220507727237];0.232369;0.259977;0.201688;0.023895;[0.20168837240686752, 0.259977468778798, 0.23544083716468106];0.41213;0.431171;0.387936;0.018023;[0.38793600763714076, 0.43117095256268045, 0.4172833224104777];0.315619;0.33827;0.288365;0.020632;[0.2883653468513703, 0.33826992417023977, 0.3202220530222146];0.109706;0.119088;0.09299;0.011849;[0.09299035420678461, 0.11704038397052734, 0.11908776081812388]
2025-06-13T15:14:49.982099;0.467386;;;;;;;0.126165;0.13137;0.118343;0.005631;[0.1183432671542004, 0.1313702935125149, 0.12878029869393548];0.226141;0.260213;0.191256;0.028157;[0.19125646538237534, 0.26021328224957657, 0.22695451258443483];0.416228;0.434006;0.383528;0.023152;[0.3835281497199179, 0.4311507729469237, 0.4340062361312855];0.319481;0.339663;0.308175;0.014305;[0.30817543787277046, 0.33966290490388595, 0.31060346019219764];0.112976;0.114905;0.111838;0.001372;[0.11490517349698098, 0.11218322651821887, 0.11183829921670574]
2025-06-13T15:14:50.033447;0.518734;;;;;;;0.122202;0.143021;0.103059;0.016357;[0.10305905202173107, 0.14302073605743684, 0.12052732735256678];0.222742;0.234512;0.210598;0.009766;[0.2105983060165809, 0.23451225219893487, 0.22311579104193668];0.418559;0.439861;0.38249;0.025644;[0.38249014003754167, 0.4333258821834132, 0.43986133833317165];0.319944;0.342464;0.287392;0.023576;[0.28739217463852235, 0.3424643476475234, 0.32997605727503493];0.096928;0.100122;0.092239;0.003388;[0.09842410937677933, 0.10012194832636945, 0.09223902883948992]
2025-06-13T15:14:50.085563;0.57085;;;;;;;0.128681;0.169392;0.083712;0.035108;[0.0837124998608832, 0.1693923332745019, 0.13293694476534335];0.228292;0.244511;0.21529;0.012144;[0.21528978551728253, 0.24451068661416733, 0.22507633417007059];0.417106;0.465995;0.380093;0.03606;[0.3800928564608536, 0.4659945255890074, 0.4052317585534432];0.327509;0.369387;0.300997;0.02996;[0.3009974589208232, 0.36938733069152413, 0.31214117436233163];0.105613;0.120569;0.093601;0.011204;[0.10266932476047855, 0.12056854598163595, 0.09360115268164461]
2025-06-13T15:14:50.188830;0.674117;;;;;;;0.133424;0.166619;0.105908;0.025108;[0.10590803772535912, 0.16661908415777407, 0.12774400818062898];0.227407;0.266372;0.200601;0.028194;[0.20060144020691362, 0.266372185160788, 0.2152475559436607];0.424906;0.445;0.408557;0.015111;[0.40855744141713163, 0.44499975399521785, 0.42116200464437537];0.32854;0.356369;0.294731;0.025516;[0.29473104196234845, 0.35636949505055077, 0.3345180840143014];0.108169;0.118959;0.091068;0.01223;[0.09106828883826402, 0.11448106032325775, 0.11895903989358293]
2025-06-13T15:14:50.291040;0.776327;;;;;;;0.121946;0.139988;0.107106;0.013614;[0.10710648549257788, 0.13998841296723166, 0.1187445944879566];0.223813;0.269545;0.200674;0.032338;[0.2012212124579551, 0.2695445340564522, 0.2006736592711426];0.413313;0.431239;0.397729;0.01378;[0.3977292422321845, 0.4312391160862389, 0.4109711201044473];0.316269;0.355621;0.292754;0.028002;[0.29275400866968077, 0.355620951707289, 0.3004319741030068];0.123048;0.138224;0.111864;0.011125;[0.11905637312311565, 0.13822370489130797, 0.11186361245019108]
2025-06-13T15:14:50.342833;0.82812;;;;;;;0.118083;0.157116;0.088056;0.028904;[0.08805601739903135, 0.1571161932763002, 0.10907694541965499];0.217771;0.238793;0.196958;0.01708;[0.1969578516156843, 0.23879332369865158, 0.2175620462836034];0.433927;0.453683;0.408107;0.019094;[0.408106545902395, 0.45368292783149183, 0.43999175844514493];0.331323;0.366805;0.292517;0.030419;[0.29251697314536734, 0.36680540808734763, 0.3346455191880701];0.105129;0.12428;0.08585;0.015689;[0.08585026112325422, 0.12428023883370466, 0.10525791325081223]
2025-06-13T15:14:50.394129;0.879416;;;;;;;0.11976;0.152097;0.09625;0.023638;[0.09624989746160063, 0.15209700853957944, 0.1109333437458559];0.211952;0.239701;0.183109;0.023117;[0.18310881540131585, 0.23970104100872752, 0.2130448237129289];0.424215;0.444845;0.399596;0.018687;[0.39959588078820507, 0.4448445654484364, 0.4282049979298608];0.329443;0.356409;0.312713;0.019251;[0.31920642131462124, 0.3564092766464242, 0.31271343646013916];0.108793;0.11265;0.102259;0.004645;[0.11147048483196863, 0.1126498844988277, 0.10225942385980213]
2025-06-13T15:14:50.445845;0.931132;;;;;;;0.122214;0.160375;0.091597;0.028581;[0.09159656005626858, 0.1603754584104675, 0.11467141226234533];0.222067;0.24686;0.207113;0.017655;[0.20711265615953456, 0.2468600122497016, 0.21222761749869593];0.432509;0.460281;0.412318;0.020302;[0.41231788134076625, 0.460281405209321, 0.4249271908052355];0.32022;0.346356;0.281677;0.027824;[0.2816774481782573, 0.3463555335592848, 0.33262765854489146];0.113551;0.122707;0.101006;0.009178;[0.10100588659648238, 0.12270670432076766, 0.11694004167808501]
2025-06-13T15:14:50.599405;1.084692;0.22829236328097557;22.829236328097558;;;;;;;;;;;;;;;;;;;;;;;;;;;;;
2025-06-13T15:14:50.599915;1.085202;;;0.4832192852590493;48.32192852590493;;;;;;;;;;;;;;;;;;;;;;;;;;;
2025-06-13T15:14:50.600237;1.085524;;;;;;;0.118442;0.141122;0.099267;0.017266;[0.09926740882310764, 0.1411221133604461, 0.11493521186344687];0.218451;0.256994;0.184546;0.029758;[0.18454597851300644, 0.2569940870520665, 0.21381389465002498];0.426672;0.466541;0.401594;0.028502;[0.41188198961417427, 0.46654073542097674, 0.40159447054177094];0.324161;0.366815;0.293492;0.03111;[0.2934918174166045, 0.366814995500253, 0.3121776802773835];0.108364;0.111595;0.105484;0.002507;[0.11159506418507119, 0.10801282052236749, 0.10548362379683159]
2025-06-13T15:14:50.650945;1.136232;;;;;;;0.129198;0.138693;0.118068;0.008499;[0.11806834913763779, 0.13869309864128232, 0.13083231481485713];0.230383;0.261043;0.203214;0.023737;[0.20321447986858537, 0.2610427140622531, 0.22689188070950814];0.415169;0.430648;0.403991;0.011299;[0.41086867866472904, 0.4306478383375514, 0.4039912659462805];0.329824;0.353465;0.317951;0.016717;[0.3179508753752172, 0.35346549333264493, 0.31805514100370863];0.114329;0.125764;0.107252;0.008162;[0.1099718689771134, 0.1257643747256564, 0.1072517805526346]
2025-06-13T15:14:50.702145;1.187432;;;;;;;0.135516;0.157004;0.113013;0.017974;[0.11301258504212447, 0.15700366917759867, 0.13653236531014876];0.229654;0.253176;0.201145;0.021532;[0.20114527154374245, 0.2531757227582017, 0.23464056547511355];0.421198;0.451505;0.403296;0.021548;[0.4087916816632225, 0.4515052277176286, 0.4032958509401663];0.316989;0.352978;0.286573;0.027394;[0.286573207277935, 0.35297792847869425, 0.3114171359722806];0.106187;0.115604;0.098493;0.007091;[0.09849290140483892, 0.10446248456522081, 0.11560430655020432]
2025-06-13T15:14:50.753435;1.238722;;;;;;;0.128054;0.146695;0.097601;0.021713;[0.0976010075880318, 0.14669541965809677, 0.1398657025176877];0.218787;0.232628;0.196224;0.016091;[0.19622391907420408, 0.23262812471210678, 0.22750749782159138];0.410921;0.448855;0.380686;0.028357;[0.38068568477265086, 0.44885483224124156, 0.4032233713801766];0.325863;0.347669;0.304285;0.017712;[0.30428519978130886, 0.3476690867105939, 0.325633456922809];0.104685;0.125644;0.084676;0.016739;[0.0846757624448709, 0.1037360432139468, 0.12564359809364062]
2025-06-13T15:14:50.804662;1.289949;;;;;;;0.114316;0.135953;0.094789;0.016871;[0.09478909276963421, 0.13595311113284592, 0.11220603842624129];0.224189;0.246846;0.19068;0.024179;[0.19068049808293333, 0.24684574515013577, 0.2350398945855007];0.43461;0.468203;0.416059;0.023797;[0.41605863173410346, 0.4682030043971785, 0.41956774522450313];0.325308;0.35458;0.303526;0.021505;[0.3178171531091467, 0.3545797700096365, 0.303526251107338];0.104222;0.122669;0.092398;0.013216;[0.09239812529267513, 0.12266940218327059, 0.0975995874421396]
2025-06-13T15:14:50.856049;1.341336;;;;;;;0.114779;0.143413;0.082136;0.025176;[0.08213648545248038, 0.14341334320787866, 0.1187860602729472];0.218668;0.264317;0.191251;0.032495;[0.19125120718106067, 0.2643166146358728, 0.2004376122561479];0.429251;0.44823;0.418564;0.013456;[0.41856354469070733, 0.4482303051808467, 0.4209605432913486];0.308249;0.332046;0.291256;0.017333;[0.2912558767379842, 0.3320459310973562, 0.3014465400223245];0.116718;0.128992;0.107598;0.009014;[0.10759772732362011, 0.12899201481983116, 0.11356391675375023]
2025-06-13T15:14:50.907589;1.392876;;;;;;;0.118853;0.131325;0.099622;0.013797;[0.09962187711194365, 0.13132483834481945, 0.12561144622166429];0.226882;0.26455;0.183268;0.033448;[0.18326789930853712, 0.26454960232512614, 0.2328288144919124];0.41199;0.445536;0.388632;0.024323;[0.3886324606419621, 0.4455363197521431, 0.4018006691239222];0.329512;0.353388;0.315151;0.016999;[0.3151513727180535, 0.35338821226938466, 0.31999565633339433];0.103321;0.114825;0.086421;0.012207;[0.0864210456272669, 0.10871685897501128, 0.11482510962744734]
2025-06-13T15:14:50.958741;1.444028;;;;;;;0.127275;0.165037;0.084799;0.032927;[0.0847987161296344, 0.16503745614358054, 0.1319895144682155];0.226566;0.262617;0.189596;0.029818;[0.18959623043584625, 0.2626168321324466, 0.22748598555859606];0.434299;0.454211;0.408734;0.018992;[0.4087340184869739, 0.45421128010148704, 0.4399528225671938];0.328938;0.338449;0.318444;0.008197;[0.31844374409048115, 0.33844949523064094, 0.3299202149652681];0.105245;0.106754;0.104175;0.001098;[0.10417535500490846, 0.10675399320408728, 0.10480595983476]
2025-06-13T15:14:51.010317;1.495604;;;;;;;0.125866;0.166622;0.092484;0.030713;[0.09248396702841, 0.16662183784747212, 0.11849075995996429];0.231136;0.243867;0.215526;0.011748;[0.21552578555434976, 0.24386739142002728, 0.23401594322754202];0.420462;0.450384;0.401097;0.021461;[0.40109650912048744, 0.4503840215537975, 0.40990691310280464];0.31555;0.34994;0.287925;0.025766;[0.2879249011053026, 0.34994038705956787, 0.30878583786285824];0.115859;0.131327;0.103968;0.011452;[0.11228099273558692, 0.13132728950618133, 0.1039675538732455]
2025-06-13T15:14:51.011076;1.496363;;;;;;;0.128773;0.154032;0.09293;0.026043;[0.09292998670404858, 0.15403202973618488, 0.1393580307239171];0.236973;0.266777;0.205641;0.024982;[0.20564065252565095, 0.2667768345671679, 0.23850288152787222];0.436903;0.466422;0.41595;0.021477;[0.41595005081743786, 0.4664219003421715, 0.42833599811505946];0.328849;0.364063;0.286782;0.03192;[0.28678242782859276, 0.36406346691628716, 0.33569984185028307];0.102803;0.131902;0.08633;0.020636;[0.08633047238911318, 0.13190236930945987, 0.09017659148034135]
2025-06-13T15:14:51.062662;1.547949;;;;;;;0.113093;0.13431;0.102419;0.015003;[0.10254950174536155, 0.13430987217084162, 0.1024194798375842];0.227692;0.245782;0.21117;0.014174;[0.21116974412139164, 0.24578241363330056, 0.2261232126523008];0.426939;0.460421;0.401064;0.024822;[0.41933201366912154, 0.4604210345685671, 0.40106356884858985];0.33001;0.365139;0.292908;0.029521;[0.29290797892952425, 0.3651392001501761, 0.3319830568101027];0.092307;0.101004;0.083141;0.0073;[0.0831407789360514, 0.10100418096560279, 0.09277497452629099]
2025-06-13T15:14:51.216067;1.701354;;;;;;;0.126329;0.148126;0.110106;0.016014;[0.11010605603266903, 0.14812592823438853, 0.12075357081225327];0.227579;0.253482;0.198726;0.022451;[0.19872557432221885, 0.2534819529505558, 0.230528534003711];0.413574;0.450569;0.389315;0.026579;[0.3893146149674209, 0.4505693339468502, 0.4008390027719403];0.318772;0.361349;0.291432;0.030509;[0.29143240580487845, 0.36134874853412147, 0.30353475055676815];0.098797;0.107924;0.084974;0.00994;[0.08497394169031304, 0.10792418964003683, 0.10349254423362035]
2025-06-13T15:14:51.217161;1.702448;;;;;;;0.132118;0.160496;0.117755;0.020067;[0.11810228369790064, 0.16049557349791135, 0.11775546957582086];0.225432;0.255663;0.203395;0.022111;[0.2172400242658321, 0.25566272946992863, 0.2033945113324516];0.428364;0.4668;0.388777;0.031863;[0.38877746960013043, 0.4668004385539122, 0.429515537412142];0.331066;0.340948;0.315251;0.011299;[0.31525108664061924, 0.34094807349180406, 0.33699974478122796];0.117336;0.127067;0.110417;0.007082;[0.1145233591107169, 0.11041674840838453, 0.12706720853283246]
2025-06-13T15:14:51.370868;1.856155;;;;;;;0.12144;0.161618;0.0983;0.02852;[0.09829982422177372, 0.16161849123428076, 0.10440078509249412];0.2247;0.237486;0.201608;0.01636;[0.20160787697738483, 0.23748568209490098, 0.23500640549568108];0.422532;0.448809;0.385038;0.027216;[0.3850379704922676, 0.44880925387387866, 0.4337484528567776];0.323414;0.336805;0.313585;0.009808;[0.31358450591082515, 0.336804721468316, 0.3198525086740597];0.096046;0.103699;0.091045;0.005496;[0.091044970044111, 0.10369890896508438, 0.09339482827556]
2025-06-13T15:14:51.422243;1.90753;;;;;;;0.116775;0.132811;0.102485;0.012442;[0.11502768113893062, 0.13281124613148335, 0.1024851422984904];0.217865;0.246261;0.200488;0.020246;[0.20048803495659814, 0.2462612337702952, 0.20684510444250068];0.421355;0.43525;0.398539;0.016261;[0.3985392419067971, 0.4352495607818092, 0.4302770340692448];0.32996;0.340813;0.316206;0.010253;[0.3162057392282328, 0.3408132042261837, 0.33286013639447104];0.117128;0.125473;0.107229;0.007529;[0.11868235040857049, 0.10722881401614119, 0.1254729314570589]
2025-06-13T15:14:51.424578;1.909865;0.28335991356105006;28.335991356105005;;;;;;;;;;;;;;;;;;;;;;;;;;;;;
2025-06-13T15:14:51.579430;2.064717;;;0.4485911185478345;44.85911185478345;;;;;;;;;;;;;;;;;;;;;;;;;;;
2025-06-13T15:14:51.631938;2.117225;;;;;;;0.131379;0.166095;0.10339;0.026038;[0.10339035092652915, 0.16609543921939787, 0.12465071957694397];0.231484;0.263333;0.19611;0.027556;[0.196110327387075, 0.26333272306136957, 0.23500887828384456];0.418597;0.456135;0.392832;0.027151;[0.39283160263558653, 0.4561352765905249, 0.406823747645873];0.333695;0.363829;0.314803;0.021536;[0.31480271076195737, 0.36382919730688174, 0.3224531103990003];0.122443;0.136789;0.112232;0.010443;[0.11830759896219505, 0.1367891928140321, 0.11223189073440172]
2025-06-13T15:14:51.683682;2.168969;;;;;;;0.129383;0.143684;0.114466;0.011936;[0.11446609075862306, 0.14368434889392737, 0.1299974554338575];0.228097;0.240831;0.203707;0.017252;[0.203707498577205, 0.2408307789124177, 0.23975303991461774];0.437848;0.467508;0.408178;0.024221;[0.40817820379779207, 0.4675081396657986, 0.4378574785985797];0.329833;0.367555;0.297943;0.028717;[0.2979428007841409, 0.3675549515705207, 0.3240001565453323];0.115691;0.132483;0.092974;0.016665;[0.09297354478858362, 0.13248282870868414, 0.12161751176619029]
2025-06-13T15:14:51.735080;2.220367;;;;;;;0.136816;0.16687;0.111609;0.022819;[0.11160949958413631, 0.16687030429151292, 0.1319695989537143];0.226078;0.249166;0.205075;0.01806;[0.2050747970045769, 0.24916552473332063, 0.22399312902787272];0.431152;0.439071;0.419964;0.008135;[0.41996449561551974, 0.434421372958459, 0.43907075744892077];0.31223;0.341942;0.289469;0.021979;[0.2894694123464857, 0.34194245363353326, 0.30527733305272603];0.106539;0.124112;0.0973;0.012431;[0.0973000873914983, 0.1241115152016142, 0.09820404718028754]
2025-06-13T15:14:51.786356;2.271643;;;;;;;0.134168;0.168998;0.11331;0.024789;[0.11331034675704467, 0.16899832922268, 0.12019477229518157];0.22927;0.268356;0.187886;0.032892;[0.18788577501399742, 0.268355655352207, 0.23156993092153844];0.429148;0.451619;0.408855;0.017526;[0.40885548654326614, 0.4516186550486279, 0.426971096174486];0.322137;0.340752;0.299393;0.017136;[0.29939251250698756, 0.34075236578922546, 0.3262674872226097];0.103522;0.114418;0.0853;0.012967;[0.08529965741658457, 0.11441818833922368, 0.11084866317159121]
2025-06-13T15:14:51.787104;2.272391;;;;;;;0.126189;0.162875;0.104642;0.026072;[0.11105076874187857, 0.16287526522542187, 0.1046419238816255];0.218254;0.256456;0.186306;0.028978;[0.18630553609205872, 0.25645561498698066, 0.2120015184992083];0.429088;0.462545;0.408946;0.023822;[0.41577174482847223, 0.4625453898722818, 0.408945597718868];0.315945;0.335674;0.292091;0.018031;[0.29209059432927, 0.33567445427100945, 0.3200708465867979];0.109578;0.136766;0.094134;0.019284;[0.09783273121266356, 0.13676634952714273, 0.09413402860885585]
2025-06-13T15:14:51.888626;2.373913;;;;;;;0.114671;0.157524;0.082043;0.031652;[0.08204290009440696, 0.15752380169555602, 0.10444734031872796];0.224523;0.245915;0.213772;0.015127;[0.21377246894968513, 0.24591530790016414, 0.2138813395046914];0.421856;0.441274;0.411075;0.013758;[0.4132188865061785, 0.44127356921367744, 0.41107505275404665];0.312389;0.332083;0.300209;0.014056;[0.3002092197963391, 0.33208305581818487, 0.30487335582300457];0.105648;0.113399;0.096316;0.007063;[0.09631595965164756, 0.113399263502409, 0.1072285178962338]
2025-06-13T15:14:51.889381;2.374668;;;;;;;0.124509;0.137142;0.105784;0.013507;[0.10578390783685819, 0.13714168631807971, 0.13060227229173219];0.23057;0.236036;0.219903;0.007544;[0.21990319350501197, 0.23577183019826298, 0.23603614244325935];0.422578;0.464659;0.386871;0.032075;[0.3868710992362579, 0.4646586903134985, 0.41620323241119844];0.315694;0.335587;0.303742;0.014161;[0.30374151002396915, 0.3355866031720702, 0.3077547242399947];0.108456;0.137006;0.093264;0.020202;[0.09509890805336829, 0.1370063322200911, 0.09326382211641551]
2025-06-13T15:14:51.940585;2.425872;;;;;;;0.109629;0.139134;0.086142;0.022048;[0.0861422943770417, 0.13913414515371325, 0.10361013295493308];0.211073;0.237536;0.192219;0.019267;[0.19221934209827296, 0.23753564106184777, 0.2034642552832269];0.41666;0.449322;0.399498;0.023105;[0.3994980536757141, 0.44932178486028823, 0.4011598575371208];0.331474;0.364936;0.31056;0.023906;[0.31892638166242643, 0.3649356973942842, 0.3105601503209002];0.109063;0.11696;0.096931;0.008708;[0.11695975435576998, 0.11329885740724532, 0.09693123165649285]
2025-06-13T15:14:51.991599;2.476886;;;;;;;0.123883;0.138381;0.115594;0.010287;[0.11767269275504613, 0.1383808939443235, 0.11559435498375051];0.231556;0.261995;0.195062;0.027659;[0.19506153453292896, 0.2619954338021548, 0.23761037191144574];0.431561;0.449058;0.408687;0.016914;[0.4086866450361173, 0.4490583025042592, 0.4369375702897631];0.32177;0.350153;0.288848;0.025233;[0.28884817186178596, 0.3501531866109003, 0.32630958899051343];0.107794;0.118561;0.097691;0.008533;[0.09769114224387031, 0.1185605169382762, 0.1071288714984393]
2025-06-13T15:14:52.043658;2.528945;;;;;;;0.125443;0.160964;0.090193;0.028893;[0.09019308675147876, 0.160964086923589, 0.12517069996301933];0.221253;0.235164;0.204254;0.012806;[0.20425415430396554, 0.23516398385481116, 0.224339397005601];0.41589;0.450133;0.383872;0.027096;[0.38387243249091435, 0.45013261393575166, 0.41366563549725066];0.320715;0.351425;0.285181;0.027258;[0.28518071771303594, 0.35142517146499075, 0.32553895510915737];0.125899;0.132527;0.115208;0.007631;[0.11520822857373397, 0.13252675685048199, 0.12996084378009387]
2025-06-13T15:14:52.044346;2.529633;;;;;;;0.124707;0.146145;0.107988;0.015931;[0.11998800223015833, 0.14614465635989038, 0.10798828771834426];0.231453;0.239338;0.217507;0.009889;[0.21750721438547904, 0.23933808535795661, 0.23751492306804786];0.424225;0.466193;0.395918;0.030272;[0.3959182655462461, 0.4661930193129702, 0.4105648989376935];0.330935;0.341061;0.312165;0.013286;[0.3121650040195069, 0.34106067026140674, 0.3395786537629081];0.10326;0.121961;0.092099;0.013306;[0.09209857569068287, 0.12196063799772539, 0.09572181461850482]
2025-06-13T15:14:52.095670;2.580957;;;;;;;0.131039;0.168373;0.111495;0.026409;[0.11324780629451853, 0.168372559754965, 0.11149529061259066];0.218464;0.232144;0.198808;0.01425;[0.1988083693011436, 0.23214392189530575, 0.22443963217042937];0.426323;0.445891;0.394561;0.02266;[0.39456130051050814, 0.4458910461467925, 0.43851626922813836];0.330832;0.345578;0.314963;0.012524;[0.3149628700285278, 0.34557762761219735, 0.3319559960426929];0.116652;0.132043;0.101295;0.012553;[0.11661909954831566, 0.13204252836583635, 0.10129461693617992]
2025-06-13T15:14:52.146596;2.631883;;;;;;;0.130741;0.159637;0.100797;0.024033;[0.1007965494414586, 0.1596366034037151, 0.13179011867354806];0.22278;0.263154;0.187102;0.031225;[0.18710224495973526, 0.26315414033605655, 0.2180832207393506];0.420034;0.444846;0.397509;0.019392;[0.39750942041434123, 0.4448455436263701, 0.417747719754923];0.322798;0.35151;0.302467;0.02088;[0.30246674426734893, 0.3515095648653275, 0.31441863998195924];0.104691;0.117796;0.089983;0.011411;[0.0899828799640448, 0.10629531471391306, 0.11779613913311737]
2025-06-13T15:14:52.198108;2.683395;;;;;;;0.116713;0.166369;0.082579;0.035925;[0.0825787102930107, 0.16636918073930249, 0.10119232179519566];0.226215;0.234206;0.213408;0.009148;[0.21340777129464247, 0.2310320352229726, 0.23420568197225936];0.426625;0.451992;0.408524;0.018474;[0.40852366318761335, 0.45199169277200657, 0.4193592613765268];0.327803;0.363352;0.282557;0.033689;[0.28255688162743703, 0.3633518672008728, 0.3374989222209144];0.106826;0.118857;0.096147;0.009321;[0.10547373232722279, 0.11885733583199334, 0.09614690295267737]
2025-06-13T15:14:52.300125;2.785412;;;;;;;0.130623;0.155971;0.109347;0.019251;[0.10934710762821134, 0.1559710162374074, 0.12655020535975103];0.210505;0.235393;0.191368;0.018428;[0.19136794420584682, 0.23539311668295929, 0.20475298416983623];0.423359;0.466657;0.396717;0.030886;[0.3967172752118282, 0.46665670084480787, 0.40670298530820104];0.330615;0.349781;0.31637;0.014077;[0.3163697585464874, 0.349780574642941, 0.3256952768065568];0.107463;0.129636;0.092632;0.015974;[0.09263223116480683, 0.12963620954584273, 0.10011985188320252]
2025-06-13T15:14:52.350948;2.836235;;;;;;;0.12771;0.154962;0.11312;0.019286;[0.11504808625610466, 0.15496204444254133, 0.11311991492285468];0.221968;0.242027;0.192981;0.020995;[0.1929809674177324, 0.24202734119675803, 0.23089706647183486];0.437337;0.464584;0.409319;0.022568;[0.4093188083372177, 0.46458358236181035, 0.4381098074795308];0.322876;0.331955;0.31735;0.00647;[0.31735043916374817, 0.33195508174328503, 0.3193228882910881];0.119783;0.12775;0.112266;0.006329;[0.11933367122332826, 0.11226642163204918, 0.1277502635731899]
2025-06-13T15:14:52.401670;2.886957;0.11269663922180892;11.269663922180891;;;;;;;;;;;;;;;;;;;;;;;;;;;;;
2025-06-13T15:14:52.604613;3.0899;;;0.33190039266483873;33.19003926648387;;;;;;;;;;;;;;;;;;;;;;;;;;;
2025-06-13T15:14:52.708514;3.193801;;;;;;;0.127197;0.154496;0.097257;0.023442;[0.09725700683984217, 0.154495833199128, 0.12983760888502283];0.221881;0.236756;0.213796;0.010531;[0.21508977331345155, 0.2367555306316632, 0.21379642686224512];0.41582;0.450959;0.384232;0.027356;[0.3842323973048073, 0.45095886724543954, 0.4122690533900097];0.335841;0.369382;0.318493;0.023722;[0.3196493122132394, 0.36938212987284613, 0.31849262326822264];0.111217;0.125989;0.102264;0.010523;[0.1053979400358759, 0.10226440906230261, 0.1259886196435065]
2025-06-13T15:14:52.811069;3.296356;;;;;;;0.119377;0.13841;0.10947;0.013462;[0.11025137906265359, 0.13840963734811634, 0.10947049422506426];0.226296;0.237704;0.204084;0.015709;[0.20408355428098354, 0.23770386779417382, 0.23710066371749894];0.426855;0.46362;0.403742;0.026283;[0.413201559652625, 0.4636203237382892, 0.4037420258600582];0.316376;0.335805;0.298662;0.015212;[0.2986616536842358, 0.3358045728311751, 0.31466293249501326];0.10623;0.120566;0.093818;0.011004;[0.09381838940276471, 0.12056552575176513, 0.10430507047857687]
2025-06-13T15:14:52.811932;3.297219;;;;;;;0.104994;0.130327;0.083821;0.019213;[0.08382059854943677, 0.13032737836491565, 0.10083369079683058];0.228075;0.269791;0.180309;0.03678;[0.1803089287419373, 0.26979091175396785, 0.23412470465952714];0.416075;0.43252;0.384719;0.022181;[0.3847190240230367, 0.43098532194249667, 0.43251982933222766];0.323585;0.333807;0.304621;0.013423;[0.3046206733740245, 0.3323269267435213, 0.3338065827179851];0.115269;0.13525;0.102379;0.014326;[0.10817921649678452, 0.1352503298678728, 0.10237874275443094]
2025-06-13T15:14:52.863881;3.349168;;;;;;;0.117149;0.155514;0.084359;0.029315;[0.08435930350265547, 0.15551438190416336, 0.11157415985761994];0.216234;0.232143;0.204377;0.011692;[0.2043765227967162, 0.23214320145468806, 0.2121837374088885];0.427452;0.455604;0.406036;0.020789;[0.406036406918482, 0.4556039774223884, 0.42071645180476663];0.331259;0.359966;0.312494;0.020616;[0.31249440676846924, 0.3599662024049733, 0.32131546051966764];0.101453;0.11923;0.083813;0.014459;[0.0838128132829826, 0.10131475249631886, 0.11923001369632286]
2025-06-13T15:14:52.915137;3.400424;;;;;;;0.124694;0.150272;0.09374;0.02339;[0.09374023468658237, 0.15027204597077118, 0.1300688145253519];0.223659;0.240561;0.207856;0.013375;[0.20785560089338848, 0.24056105750750897, 0.22255896875853226];0.423819;0.449899;0.409264;0.018482;[0.40926418791783603, 0.4498986445616727, 0.41229477305547907];0.320738;0.346792;0.285182;0.026034;[0.2851823623773854, 0.3467916693673192, 0.3302387469770038];0.106058;0.1167;0.10006;0.007545;[0.10006017133910883, 0.116700202094691, 0.1014137456041024]
2025-06-13T15:14:52.915864;3.401151;;;;;;;0.135482;0.168264;0.104343;0.026121;[0.10434295418273427, 0.16826399810162987, 0.13383993916206974];0.219239;0.258292;0.194636;0.027924;[0.19463557573212553, 0.25829167068624637, 0.204789182401605];0.41964;0.436538;0.399395;0.015347;[0.39939511938832994, 0.4365377484296844, 0.42298573064925155];0.312403;0.337296;0.294966;0.018067;[0.29496643910130355, 0.3372964694867648, 0.3049474763193439];0.10334;0.107555;0.098125;0.003914;[0.10434140721716668, 0.1075547644908189, 0.09812453948913252]
2025-06-13T15:14:52.967017;3.452304;;;;;;;0.130306;0.143282;0.109135;0.015097;[0.10913531451693903, 0.14328248738152685, 0.13850166382699303];0.223301;0.242366;0.189833;0.023742;[0.1898326606676988, 0.242366336149695, 0.237703730750209];0.418284;0.431689;0.410112;0.009555;[0.4101116240569584, 0.431689317609331, 0.41305181550970105];0.327417;0.348255;0.312606;0.015165;[0.31260589414398876, 0.34825476943810413, 0.32138936784036043];0.0979;0.114689;0.084109;0.012663;[0.08410870324579929, 0.1146891443023256, 0.09490204272956596]
2025-06-13T15:14:53.018016;3.503303;;;;;;;0.123751;0.16786;0.098968;0.03127;[0.0989682054722682, 0.1678602910412532, 0.10442375120904784];0.216021;0.247969;0.19761;0.022678;[0.19761007798499397, 0.2479688852105302, 0.20248393978441045];0.409444;0.439713;0.384446;0.022868;[0.38444648209500176, 0.43971260619148633, 0.4041729136246729];0.309158;0.332782;0.287705;0.018466;[0.2877052399482282, 0.3327817335348588, 0.306988209518824];0.106124;0.113737;0.095497;0.007746;[0.09549691264037756, 0.11373748122254611, 0.1091379482977172]
2025-06-13T15:14:53.069442;3.554729;;;;;;;0.128813;0.164708;0.106433;0.025638;[0.11529748541710805, 0.16470800858204565, 0.1064330358223695];0.234037;0.258665;0.204691;0.022286;[0.20469115336874083, 0.258665253562498, 0.238753432006581];0.435229;0.467219;0.407821;0.024464;[0.4078206875029377, 0.4672185308853179, 0.4306483598080832];0.312664;0.339262;0.280017;0.024562;[0.28001682137776396, 0.3392623992854317, 0.318711415841498];0.113015;0.128735;0.10481;0.011119;[0.1048097837100426, 0.10550035324368803, 0.12873506739687107]
2025-06-13T15:14:53.070069;3.555356;;;;;;;0.111875;0.132311;0.080282;0.022659;[0.08028152244423525, 0.1323110629244213, 0.12303154960983859];0.222033;0.254858;0.193677;0.025176;[0.19367710330113688, 0.2548578198414458, 0.21756494207205898];0.413126;0.432705;0.400034;0.014105;[0.4000336108224128, 0.4327054656726754, 0.4066374544929997];0.315283;0.331348;0.289095;0.018676;[0.289095186219863, 0.33134794694731273, 0.3254049406640114];0.117553;0.136689;0.10781;0.013532;[0.10816019830853177, 0.13668870253261214, 0.10781030858848276]
2025-06-13T15:14:53.121085;3.606372;;;;;;;0.115417;0.130971;0.101129;0.012216;[0.1011285918958786, 0.13097057546913105, 0.11415103489972914];0.222734;0.269292;0.188673;0.034078;[0.18867284287688846, 0.269292018579658, 0.2102361712346063];0.414272;0.439193;0.387939;0.020948;[0.38793940920815145, 0.4391930408886411, 0.41568209824396873];0.324248;0.336216;0.312961;0.009506;[0.312961485336108, 0.3362158411969441, 0.3235679277486457];0.106032;0.122921;0.092951;0.012528;[0.09295070323571755, 0.1229208706512598, 0.10222447599247517]
2025-06-13T15:14:53.171995;3.657282;;;;;;;0.135013;0.162675;0.103851;0.024142;[0.10385127689489823, 0.16267455563547606, 0.13851178662963143];0.227369;0.238345;0.206362;0.014859;[0.2063619817003005, 0.2383449869801758, 0.23740108137121382];0.413635;0.432893;0.392689;0.016457;[0.3926887941513917, 0.4328933998619971, 0.4153236256588409];0.313865;0.352771;0.286495;0.02826;[0.286495247684564, 0.3527714834653429, 0.30232788493372836];0.100364;0.116575;0.08293;0.013763;[0.08292967595605444, 0.11657532914988308, 0.1015874983591642]
2025-06-13T15:14:53.222899;3.708186;;;;;;;0.129078;0.150613;0.11155;0.016197;[0.11154975314122019, 0.150613361328206, 0.12507033314610128];0.230914;0.26109;0.191684;0.029049;[0.1916837220185953, 0.2610899717941755, 0.2399696326624261];0.413951;0.43085;0.401675;0.012351;[0.4093297232583256, 0.4308495578531863, 0.40167458973980646];0.329652;0.369258;0.304749;0.028313;[0.31494861618034947, 0.3692576515965558, 0.3047489801251657];0.112282;0.127129;0.104619;0.0105;[0.10461891282949418, 0.10509860720011852, 0.1271292016988728]
2025-06-13T15:14:53.223887;3.709174;;;;;;;0.133867;0.164161;0.103428;0.024794;[0.10342784178453733, 0.164160529183459, 0.13401313971841686];0.221694;0.261622;0.183084;0.032077;[0.18308352876699843, 0.26162164029705554, 0.22037727850568217];0.424089;0.456927;0.386021;0.029182;[0.386021477784217, 0.4569274419236827, 0.4293178622026604];0.314779;0.340238;0.294888;0.018928;[0.2948875779396256, 0.3402380424284364, 0.309211174712386];0.106716;0.130648;0.090121;0.017339;[0.09012074411512483, 0.13064751906583832, 0.09937881273642929]
2025-06-13T15:14:53.325607;3.810894;;;;;;;0.125213;0.16462;0.094784;0.029209;[0.09478437911085717, 0.16462017415572372, 0.11623540253625159];0.226308;0.268327;0.190789;0.031987;[0.1907885626548751, 0.2683272774534444, 0.21980753546016077];0.421997;0.446199;0.396538;0.020293;[0.396538298468253, 0.4461992739764484, 0.42325285993991535];0.324118;0.353999;0.286205;0.028253;[0.2862050815442323, 0.3539990923768228, 0.33214859261477425];0.105035;0.130804;0.085492;0.019015;[0.08549206264922111, 0.13080397906991298, 0.09880889416205976]
2025-06-13T15:14:53.530095;4.015382;;;0.15401331733314236;15.401331733314235;;;;;;;;;;;;;;;;;;;;;;;;;;;
2025-06-13T15:14:53.532985;4.018272;0.17765764455483457;17.765764455483456;;;;;;;;;;;;;;;;;;;;;;;;;;;;;
2025-06-13T15:14:53.585630;4.070917;;;;;;;0.130118;0.15964;0.113569;0.020927;[0.11714499204088412, 0.15964045574244873, 0.1135686456201265];0.22186;0.266181;0.187517;0.032881;[0.18751713568307693, 0.2661814316145085, 0.2118809459864307];0.409862;0.440865;0.381121;0.024443;[0.38112086834511244, 0.44086524290352896, 0.40759877282315266];0.313848;0.340849;0.294861;0.019611;[0.2948611439693346, 0.340849482873372, 0.30583476635170986];0.113752;0.126824;0.104024;0.009604;[0.11040739434576759, 0.12682404100138056, 0.10402402991911927]
2025-06-13T15:14:53.637262;4.122549;;;;;;;0.116214;0.139747;0.080541;0.02565;[0.0805414771231791, 0.139747038402542, 0.12835386500761298];0.213474;0.235921;0.195325;0.016849;[0.19532522826524013, 0.23592086045760974, 0.20917685420355914];0.419124;0.441063;0.406579;0.015567;[0.4097295163500809, 0.4410628218768655, 0.40657874993875226];0.326069;0.36329;0.290042;0.029915;[0.29004187959339617, 0.3632899174282149, 0.32487667491024613];0.109809;0.130044;0.098376;0.014349;[0.10100571463045907, 0.1300442057697263, 0.09837616500803902]
2025-06-13T15:14:53.688500;4.173787;;;;;;;0.130716;0.15755;0.10892;0.02017;[0.10892028649483013, 0.15755010787835047, 0.12567756392080617];0.210968;0.233459;0.191292;0.017329;[0.1912920428951539, 0.23345908243953897, 0.20815383073744825];0.432983;0.469305;0.394232;0.030697;[0.39423153204791056, 0.4693052574828429, 0.43541171751636787];0.317348;0.361196;0.285445;0.032058;[0.28544480764018854, 0.36119560022029845, 0.30540247613298793];0.109539;0.120901;0.100309;0.008541;[0.10030889927444733, 0.1074066762644391, 0.12090099092115382]
2025-06-13T15:14:53.741093;4.22638;;;;;;;0.120395;0.161626;0.098063;0.029188;[0.09806269430920105, 0.16162557515530798, 0.10149618725015754];0.216465;0.2582;0.186758;0.030381;[0.18675782507964026, 0.2581998651415631, 0.20443828508897371];0.428024;0.455997;0.405618;0.02094;[0.4056180616051759, 0.4559971387490611, 0.42245817552893394];0.309085;0.334448;0.280437;0.022172;[0.2804371072286157, 0.334448193999519, 0.31237085632916556];0.122086;0.125853;0.117095;0.003679;[0.11709456638817244, 0.12331063931052426, 0.1258534207222133]
2025-06-13T15:14:53.793291;4.278578;;;;;;;0.130372;0.167094;0.093352;0.030106;[0.09335177765984204, 0.16709375362678122, 0.1306690591738504];0.22091;0.237993;0.205998;0.013152;[0.20599820852742168, 0.23799294436906476, 0.2187402027846479];0.436859;0.464412;0.412906;0.021181;[0.4129055211106721, 0.46441224011286, 0.43325906247670926];0.332419;0.348617;0.309529;0.016644;[0.30952947429656336, 0.34861664636198564, 0.3391109412430297];0.11232;0.125521;0.102966;0.009601;[0.10847355185439181, 0.125520759211789, 0.10296558552197332]
2025-06-13T15:14:53.947036;4.432323;;;;;;;0.12933;0.169233;0.102676;0.028742;[0.11608032473283615, 0.16923330098412917, 0.10267598144336461];0.222751;0.239494;0.20941;0.012515;[0.20941013974407113, 0.23949402880829743, 0.2193493883156078];0.421553;0.435325;0.395206;0.018636;[0.39520631921451554, 0.4353253831200398, 0.4341279827120812];0.319699;0.351318;0.300645;0.022514;[0.30064516160262156, 0.3513179690098653, 0.3071346686920888];0.122165;0.127781;0.112075;0.00715;[0.11207474038027189, 0.12663945195502763, 0.12778111187420718]
2025-06-13T15:14:53.998289;4.483576;;;;;;;0.127062;0.15698;0.108819;0.021324;[0.11538874911529144, 0.1569801105191736, 0.108818613247913];0.233011;0.255413;0.209049;0.01896;[0.20904905028956428, 0.25541252577740287, 0.23457245589268969];0.429476;0.448232;0.400253;0.020939;[0.40025325079713464, 0.4482315269073, 0.43994468235883427];0.319163;0.330279;0.309424;0.008569;[0.30942444376378436, 0.33027889101280467, 0.3177854211740849];0.10835;0.119513;0.099545;0.00832;[0.11951263503495548, 0.10599365673672548, 0.09954493076512191]
2025-06-13T15:14:54.049537;4.534824;;;;;;;0.123647;0.149759;0.108257;0.018562;[0.10825692569813755, 0.14975949284338255, 0.11292601064498738];0.219999;0.233298;0.206701;0.010858;[0.2199980134516945, 0.2332982557589057, 0.2067013939479197];0.427221;0.464457;0.405543;0.026448;[0.4116638090550383, 0.4644574290715387, 0.4055425784758948];0.329693;0.359966;0.313982;0.021412;[0.31513042747831876, 0.3599662412949975, 0.31398199006717475];0.124854;0.128217;0.118702;0.004356;[0.11870196264353419, 0.12764278352675934, 0.12821737421392604]
2025-06-13T15:14:54.100870;4.586157;;;;;;;0.137105;0.164205;0.116915;0.019915;[0.11691509996209143, 0.16420539956818114, 0.13019528547768944];0.226567;0.268956;0.200344;0.030253;[0.20034441342585158, 0.26895604611002943, 0.21040075496810703];0.431489;0.450104;0.411189;0.015931;[0.4111893030008863, 0.4501038885709864, 0.4331751741295785];0.33055;0.344544;0.318209;0.010815;[0.31820886171783, 0.34454444940734136, 0.32889584146127987];0.11132;0.114655;0.10784;0.002784;[0.11146384277942892, 0.11465455979694937, 0.10784010055231066]
2025-06-13T15:14:54.152221;4.637508;;;;;;;0.11856;0.132644;0.105536;0.011092;[0.10553629002207358, 0.13264366309611114, 0.11749940283549615];0.215166;0.25296;0.183977;0.028547;[0.1839769563183197, 0.25296013267994183, 0.20856177484246516];0.419169;0.441379;0.405728;0.01582;[0.405728220344907, 0.44137886711269836, 0.4104003431583677];0.312569;0.333882;0.280186;0.023277;[0.2801862113244508, 0.3338820894740505, 0.32363914416929074];0.114231;0.132678;0.097081;0.014561;[0.09708068104902731, 0.13267803396575512, 0.11293327330323769]
2025-06-13T15:14:54.152815;4.638102;;;;;;;0.116431;0.140174;0.087756;0.021682;[0.08775608610635928, 0.14017351392679878, 0.12136262568794336];0.225306;0.251846;0.198043;0.021971;[0.19804257132269984, 0.2518461403465541, 0.22602837064139422];0.423228;0.446248;0.388161;0.025198;[0.3881607604365516, 0.4462477635952602, 0.43527549762185064];0.324559;0.352427;0.296166;0.022971;[0.29616594495228304, 0.3524266475568776, 0.3250848662438457];0.119226;0.1346;0.106924;0.011506;[0.11615260682995553, 0.13460042992450513, 0.10692411241851052]
2025-06-13T15:14:54.204424;4.689711;;;;;;;0.114854;0.147923;0.08203;0.026901;[0.08202969797837542, 0.14792269912007805, 0.1146104295288062];0.230321;0.252462;0.214748;0.016082;[0.21474792935219403, 0.2524624300820349, 0.2237530188673823];0.42859;0.464237;0.404891;0.025659;[0.4166421549504392, 0.4642367822535559, 0.4048907987082148];0.328497;0.334974;0.31768;0.007699;[0.31767955186556257, 0.332837285177569, 0.33497431071251066];0.109037;0.123379;0.08542;0.016827;[0.08542004654973906, 0.12337945986970277, 0.11831042204385508]
2025-06-13T15:14:54.256408;4.741695;;;;;;;0.12115;0.147122;0.086878;0.025285;[0.08687836257365475, 0.14712223111557454, 0.12944858197325007];0.219164;0.233356;0.192235;0.019051;[0.19223457015358647, 0.2333562904415321, 0.23190201742390357];0.428;0.438098;0.410331;0.012536;[0.4103309499638421, 0.4380977255103456, 0.435570750689779];0.337569;0.363619;0.31206;0.021053;[0.31205970171834774, 0.3636193700818214, 0.33702726353823315];0.107638;0.126908;0.088354;0.01574;[0.0883535654074892, 0.10765147271673413, 0.12690769800840446]
2025-06-13T15:14:54.307792;4.793079;;;;;;;0.127141;0.154254;0.109445;0.019468;[0.11772312324885188, 0.15425416990903754, 0.1094453231242292];0.216583;0.257201;0.180213;0.031574;[0.1802125893842062, 0.2572010275899123, 0.21233444337129687];0.422051;0.431493;0.416366;0.006723;[0.4182951316362849, 0.4314930495359665, 0.4163659206208554];0.317225;0.35202;0.281189;0.02893;[0.2811886389072181, 0.3520204973431788, 0.3184648601091312];0.101938;0.121476;0.091647;0.013822;[0.09269174544173407, 0.12147582984830758, 0.0916474299482866]
2025-06-13T15:14:54.308669;4.793956;;;;;;;0.114522;0.153678;0.087795;0.028296;[0.08779482710649268, 0.15367787871046004, 0.102094444897301];0.21342;0.231452;0.1812;0.022837;[0.18120035885058117, 0.23145241136365086, 0.22760811751662002];0.419983;0.433491;0.410419;0.009824;[0.4160387273011766, 0.43349145675933753, 0.4104186910238515];0.33296;0.366298;0.313207;0.023708;[0.3193738657357217, 0.36629758236724486, 0.31320713193867167];0.107857;0.117404;0.096074;0.00885;[0.09607413860662058, 0.11740441791756466, 0.11009341903380511]
2025-06-13T15:14:54.359955;4.845242;;;;;;;0.109627;0.145375;0.080262;0.026963;[0.0802618765210661, 0.1453747155537711, 0.1032456285588085];0.232113;0.257169;0.218772;0.017729;[0.21877207724871264, 0.257168994810561, 0.2203989545119705];0.424443;0.455326;0.390012;0.026782;[0.3900123115432204, 0.455325543456407, 0.4279898167576158];0.32123;0.349896;0.297828;0.02158;[0.2978278602445506, 0.3498960389524564, 0.31596651041607743];0.11846;0.136626;0.095089;0.017352;[0.0950885811073332, 0.13662553243621403, 0.12366718385273243]
2025-06-13T15:14:54.411069;4.896356;0.11398993305616052;11.398993305616052;;;;;;;;;;;;;;;;;;;;;;;;;;;;;
2025-06-13T15:14:54.462139;4.947426;;;0.20823116089138866;20.823116089138864;;;;;;;;;;;;;;;;;;;;;;;;;;;
2025-06-13T15:14:54.512861;4.998148;;;;;;;0.117527;0.132412;0.092209;0.017994;[0.09220891516357103, 0.13241161661039808, 0.12795913532231298];0.220493;0.250695;0.190737;0.02448;[0.19073693498947122, 0.2506953912418418, 0.22004652275054215];0.42064;0.453394;0.395378;0.02427;[0.39537777534828966, 0.4533943050454586, 0.41314904898934735];0.332913;0.352167;0.319238;0.01401;[0.3192384970933296, 0.35216707396704283, 0.327333476892281];0.1094;0.119615;0.092041;0.012339;[0.09204085563041511, 0.11961498150859798, 0.11654534169647589]
2025-06-13T15:14:54.564344;5.049631;;;;;;;0.120314;0.137661;0.092084;0.020135;[0.09208370370514714, 0.13119709920549003, 0.13766094059940007];0.223667;0.252971;0.194626;0.02382;[0.1946261590045632, 0.25297091067812516, 0.22340306093564793];0.417206;0.439564;0.386861;0.022245;[0.38686130068540053, 0.43956373713401264, 0.4251932557447656];0.324999;0.363401;0.297911;0.027907;[0.2979106176566205, 0.3634008391172187, 0.3136859696980268];0.104896;0.113515;0.095226;0.007503;[0.09522609133095475, 0.11351532358599832, 0.10594589637927124]
2025-06-13T15:14:54.565699;5.050986;;;;;;;0.115907;0.13195;0.090706;0.01804;[0.09070643494354384, 0.1319499750974807, 0.1250652638660002];0.234539;0.256906;0.209827;0.019291;[0.2098272461124101, 0.25690569058810764, 0.23688525515132905];0.411087;0.440576;0.381941;0.023939;[0.38194130847553137, 0.44057550337722073, 0.4107430670874187];0.326407;0.364103;0.306532;0.026668;[0.3085860497509187, 0.36410279156950975, 0.30653236171589];0.116533;0.139211;0.105184;0.016036;[0.10520405231253359, 0.1392110667790362, 0.10518392318195752]
2025-06-13T15:14:54.617638;5.102925;;;;;;;0.132646;0.168152;0.114152;0.025114;[0.11415245549302927, 0.1681520094333112, 0.11563225487140556];0.233084;0.263848;0.213057;0.022082;[0.2130571133396401, 0.2638478248229379, 0.2223459781964369];0.421783;0.462765;0.393281;0.029708;[0.3932811219994801, 0.46276456750342343, 0.4093018181475374];0.32532;0.335569;0.308309;0.012113;[0.30830882671868687, 0.3355692939651834, 0.33208236832213023];0.122349;0.13139;0.111394;0.008275;[0.1113936110569653, 0.13139034808550382, 0.12426231755086455]
2025-06-13T15:14:54.668966;5.154253;;;;;;;0.125379;0.147883;0.103757;0.018025;[0.10375725588579851, 0.1478832870320176, 0.12449773227709111];0.216727;0.26089;0.184274;0.032356;[0.18427428833887802, 0.26088951305808045, 0.2050163181119317];0.41676;0.446504;0.400439;0.021066;[0.40333743211001616, 0.4465042964550809, 0.40043858447901304];0.331098;0.342144;0.317798;0.010066;[0.3177981208261489, 0.34214414949387395, 0.3333513766832411];0.104916;0.116178;0.087379;0.012567;[0.08737858773266996, 0.11119163584407507, 0.11617833545492086]
2025-06-13T15:14:54.720084;5.205371;;;;;;;0.124279;0.148574;0.090617;0.02457;[0.09061740616313563, 0.14857442323167966, 0.13364648247210822];0.217521;0.261088;0.184461;0.032153;[0.18446058098469045, 0.2610882274231561, 0.20701525057369938];0.42252;0.468172;0.397605;0.032326;[0.3976047271185948, 0.46817167478858795, 0.401783200758414];0.323991;0.366839;0.300893;0.030329;[0.3008934414905135, 0.3668392917292193, 0.3042389194702424];0.106634;0.111917;0.100464;0.004717;[0.10752120381240288, 0.11191667701908148, 0.10046429500430634]
2025-06-13T15:14:54.771665;5.256952;;;;;;;0.124431;0.161433;0.088423;0.029814;[0.08842339357096754, 0.16143270713990707, 0.12343643167046216];0.23003;0.238389;0.218352;0.00851;[0.21835164383216785, 0.23838898133010106, 0.23335028070776884];0.423;0.453625;0.401977;0.022152;[0.4133981273359695, 0.45362528485477105, 0.4019769914661807];0.317149;0.340366;0.304882;0.016425;[0.3062005007637908, 0.3403657541708933, 0.3048817941061772];0.116931;0.138869;0.097613;0.016944;[0.09761271530643365, 0.13886860920127211, 0.11431294855905136]
2025-06-13T15:14:54.823124;5.308411;;;;;;;0.125685;0.159765;0.091773;0.027758;[0.09177316896720467, 0.15976515649755418, 0.1255176015280303];0.222395;0.252964;0.203091;0.021863;[0.21113140192114777, 0.25296410227846955, 0.20309074301307586];0.4224;0.463421;0.400052;0.029045;[0.4000519256130467, 0.4634205153240105, 0.40372697246894557];0.319485;0.343606;0.300198;0.018048;[0.3146503860752845, 0.3436059393835585, 0.3001979738880308];0.103892;0.109457;0.096655;0.005358;[0.09665501861054236, 0.10945659203168123, 0.10556480710994184]
2025-06-13T15:14:54.874269;5.359556;;;;;;;0.118761;0.14814;0.102781;0.020801;[0.10536190117083126, 0.1481400729993518, 0.10278110806387561];0.222703;0.26255;0.200294;0.028249;[0.20029382908268858, 0.2625503494756155, 0.2052658457268276];0.431789;0.451689;0.411716;0.016319;[0.41171648849284787, 0.4516888288997195, 0.4319619941350245];0.326227;0.361643;0.297968;0.026483;[0.29796815543710253, 0.36164291376892893, 0.3190686075669441];0.102004;0.120837;0.081054;0.01631;[0.08105416828504665, 0.1041203188165965, 0.1208372067452092]
2025-06-13T15:14:54.926076;5.411363;;;;;;;0.135872;0.166628;0.104591;0.02533;[0.10459068336650294, 0.16662842808549633, 0.13639642854186856];0.22828;0.249104;0.217343;0.014731;[0.2173426609104836, 0.24910408877960535, 0.2183930162040946];0.433914;0.457116;0.405817;0.021227;[0.40581714668019037, 0.4571155695464864, 0.4388081406731002];0.316133;0.334648;0.302667;0.013535;[0.30266744551626085, 0.33464776398497414, 0.31108479254786287];0.118176;0.126148;0.111587;0.006024;[0.11158684582791517, 0.11679398722276543, 0.12614825094341003]
2025-06-13T15:14:54.978632;5.463919;;;;;;;0.140103;0.166108;0.114609;0.021027;[0.1146093022425153, 0.16610752717094432, 0.1395913281453762];0.223868;0.266037;0.198894;0.029986;[0.19889425340085862, 0.2660365093348105, 0.2066738153977144];0.420501;0.443738;0.397449;0.018898;[0.3974487547606812, 0.4437375253728513, 0.4203173798362974];0.31856;0.358903;0.282318;0.031399;[0.2823184894573382, 0.3589025112024933, 0.31445975018014505];0.106271;0.117484;0.089851;0.011867;[0.08985052109378969, 0.11147939177748203, 0.11748352687469904]
2025-06-13T15:14:55.134730;5.620017;;;;;;;0.126106;0.158905;0.10303;0.023825;[0.11638254038296028, 0.15890502721490515, 0.10302969442218565];0.209177;0.237037;0.182134;0.022422;[0.18213356954796686, 0.23703669746549508, 0.20836006889266745];0.427408;0.434488;0.414534;0.009119;[0.41453390683622376, 0.4344883877729333, 0.4332027364998051];0.319781;0.344733;0.287852;0.02374;[0.2878517388518405, 0.34473308296680294, 0.32675799109284037];0.112993;0.134614;0.08702;0.019672;[0.08702046021206407, 0.13461380490088629, 0.11734529805148171]
2025-06-13T15:14:55.186074;5.671361;;;;;;;0.126389;0.158286;0.103174;0.023322;[0.1177062679700828, 0.15828593034494864, 0.1031739197394537];0.219919;0.251985;0.194558;0.023919;[0.19455839585033874, 0.25198498385895707, 0.21321342113309324];0.413304;0.44744;0.387878;0.025083;[0.38787837985161144, 0.4474395785880091, 0.40459546779538524];0.324238;0.358008;0.280952;0.032169;[0.2809522621541052, 0.3580083507333105, 0.3337529464892633];0.115481;0.135338;0.104881;0.014052;[0.10488077972226145, 0.13533755585658172, 0.10622332972747327]
2025-06-13T15:14:55.237339;5.722626;;;;;;;0.130057;0.161572;0.100041;0.025142;[0.10004086350007806, 0.1615718762274945, 0.12855777363265772];0.219592;0.242098;0.191912;0.020813;[0.19191161121226527, 0.24209776279568657, 0.2247664801097004];0.423591;0.433099;0.415867;0.007147;[0.41586748578112653, 0.4330986398719771, 0.42180711346191346];0.328167;0.355042;0.304759;0.020674;[0.3047587556045177, 0.35504201273568203, 0.3247000076992791];0.114985;0.122622;0.105633;0.007041;[0.11670082423708623, 0.10563323527755662, 0.12262233231971244]
2025-06-13T15:14:55.289221;5.774508;;;;;;;0.123622;0.141801;0.099834;0.017586;[0.0998342093856308, 0.1418006921149038, 0.12922979038537202];0.233753;0.260828;0.204496;0.023049;[0.2044959467207637, 0.2608277917085272, 0.23593588340073868];0.42337;0.435324;0.416334;0.008497;[0.41845229827827796, 0.43532370371092266, 0.41633434965416555];0.320216;0.342222;0.303537;0.016236;[0.3148901032643518, 0.34222232470203656, 0.30353660541833166];0.09184;0.103269;0.080459;0.009312;[0.08045894688893851, 0.10326902790588244, 0.09179334579251844]
2025-06-13T15:14:55.340580;5.825867;;;;;;;0.129156;0.164082;0.10148;0.026066;[0.10148037889253751, 0.16408215272705187, 0.12190628744533832];0.220225;0.239063;0.190048;0.021557;[0.1900484788111997, 0.23156438372357915, 0.23906308054883071];0.425812;0.453192;0.400084;0.021713;[0.4000837544767559, 0.453191673885846, 0.4241595799913082];0.325035;0.365279;0.287656;0.031754;[0.287656366678987, 0.36527928347051974, 0.3221692737350482];0.10045;0.105544;0.095016;0.004305;[0.09501612055573691, 0.10554442393917234, 0.1007886004606151]
2025-06-13T15:14:55.594340;6.079627;0.08223408120371448;8.223408120371447;;;;;;;;;;;;;;;;;;;;;;;;;;;;;
2025-06-13T15:14:55.595011;6.080298;;;0.36091060547796333;36.09106054779633;;;;;;;;;;;;;;;;;;;;;;;;;;;
2025-06-13T15:14:55.646479;6.131766;;;;;;;0.131803;0.148454;0.113011;0.014549;[0.1130107483431152, 0.14845438751128687, 0.13394416344386736];0.223579;0.246971;0.203889;0.017782;[0.20388921741842203, 0.24697121096770253, 0.21987763211422295];0.422715;0.431033;0.417496;0.005945;[0.4196148622906116, 0.4310326965757454, 0.4174961076249312];0.318593;0.36366;0.286871;0.032739;[0.28687055107156584, 0.3636602325593828, 0.305248953276926];0.104001;0.124795;0.082263;0.017377;[0.08226325313603494, 0.12479544230576334, 0.10494556045519506]
2025-06-13T15:14:55.697601;6.182888;;;;;;;0.117328;0.15325;0.090934;0.026317;[0.09093440957031335, 0.15324978751126173, 0.10780128931269367];0.233779;0.262637;0.199728;0.025944;[0.19972772698456678, 0.2626368562522469, 0.2389738732595891];0.424472;0.452738;0.397416;0.022601;[0.39741550637094164, 0.4527375276210349, 0.4232627449062747];0.321444;0.346308;0.287631;0.024777;[0.28763103601547635, 0.3463078387645091, 0.3303944268151315];0.099771;0.108889;0.084642;0.010773;[0.08464154481282149, 0.1088889999654788, 0.10578307603611936]
2025-06-13T15:14:55.748331;6.233618;;;;;;;0.120925;0.13937;0.103492;0.014665;[0.10349164655977511, 0.13937024548372023, 0.11991199490753998];0.227168;0.261803;0.204231;0.024917;[0.2042305992403635, 0.26180313188646376, 0.21546899148723822];0.429198;0.461476;0.412302;0.022832;[0.41381675375340626, 0.4614762006011391, 0.4123018243139332];0.316669;0.342043;0.300908;0.018116;[0.3070573728355369, 0.3420426322394889, 0.30090788799369683];0.100281;0.127057;0.082405;0.019285;[0.08240502491169374, 0.12705748872044859, 0.09138025844342165]
2025-06-13T15:14:55.799047;6.284334;;;;;;;0.116673;0.133796;0.096281;0.015489;[0.09628075424044959, 0.13379568128743208, 0.11994255917540855];0.229063;0.263827;0.210923;0.024589;[0.21244108574238701, 0.2638266996171522, 0.2109226710084005];0.418056;0.455632;0.384062;0.029328;[0.3840624652734056, 0.4556324267279961, 0.4144733877430293];0.325678;0.36644;0.303258;0.028871;[0.303257780281037, 0.36644002652951463, 0.30733731066844117];0.117509;0.119453;0.115079;0.001818;[0.11507894896879739, 0.11799546720199548, 0.11945251135661968]
2025-06-13T15:14:55.850332;6.335619;;;;;;;0.119892;0.169749;0.082302;0.036739;[0.08230227931003514, 0.1697487860239947, 0.1076240453681691];0.213376;0.23022;0.193805;0.014991;[0.19380514225350592, 0.23022041318414863, 0.21610187744429413];0.415697;0.434059;0.406497;0.012984;[0.4064973771469571, 0.4340591971270363, 0.40653326911962623];0.32262;0.368874;0.285411;0.034668;[0.28541123206134067, 0.3688735528698695, 0.3135762576398419];0.110216;0.125777;0.084054;0.018609;[0.08405417070395955, 0.12577669931286975, 0.12081589321944863]
2025-06-13T15:14:55.850835;6.336122;;;;;;;0.134067;0.154001;0.113502;0.01654;[0.11350210435499808, 0.1540011431250318, 0.13469852626274492];0.224645;0.251881;0.193108;0.024186;[0.19310770128986857, 0.2518805342400198, 0.2289461369080876];0.425375;0.455662;0.394592;0.024934;[0.3945921233222304, 0.45566161349795886, 0.4258713492467757];0.309956;0.341459;0.286883;0.023064;[0.28688319649916555, 0.34145897975723655, 0.3015245534623893];0.117068;0.128334;0.098862;0.012994;[0.09886159988879088, 0.128334058965388, 0.1240074739910759]
2025-06-13T15:14:55.902342;6.387629;;;;;;;0.122974;0.161505;0.101895;0.027285;[0.10189495882141977, 0.16150455819336496, 0.10552292897648305];0.223215;0.263991;0.201247;0.028862;[0.20440509805241258, 0.2639914227646687, 0.20124737284039915];0.421353;0.463439;0.387543;0.031532;[0.3875430913967658, 0.46343862695090926, 0.4130782678570669];0.332865;0.36793;0.312534;0.0249;[0.3181300875939628, 0.3679302559279007, 0.31253366450116427];0.108108;0.117306;0.095096;0.00946;[0.09509569859475062, 0.11730567532821577, 0.111922070508606]
2025-06-13T15:14:55.953811;6.439098;;;;;;;0.134627;0.162135;0.103291;0.024175;[0.10329116714278129, 0.16213498673739388, 0.13845524327699213];0.229102;0.23986;0.210359;0.013301;[0.21035916225683365, 0.23985972996293167, 0.2370868048809573];0.422834;0.449448;0.397223;0.021333;[0.39722304729924285, 0.4494482520462309, 0.42182973085711933];0.325181;0.343798;0.308316;0.014538;[0.30831626267293183, 0.34379772665590425, 0.32342956101911835];0.107377;0.125745;0.08621;0.016261;[0.08620980746336926, 0.11017446646752425, 0.12574534911555732]
